url,filename
http://frankdenneman.nl/wp-content/uploads/2009/02/ILT-1.png,ILT-1.png
http://frankdenneman.nl/wp-content/uploads/2009/02/ILT-22.png,ILT-22.png
http://frankdenneman.nl/wp-content/uploads/2009/02/ILT-31.png,ILT-31.png
http://frankdenneman.nl/wp-content/uploads/2009/02/optimized.png,optimized.png
http://frankdenneman.nl/wp-content/uploads/2009/02/proxy-io.png,proxy-io.png
http://frankdenneman.nl/wp-content/uploads/2009/02/replicated-luns-lb.png,replicated-luns-lb.png
http://frankdenneman.nl/wp-content/uploads/2009/03/Calc-QD-1.png,Calc-QD-1.png
http://frankdenneman.nl/wp-content/uploads/2009/05/2008-align-1.png,2008-align-1.png
http://frankdenneman.nl/wp-content/uploads/2009/05/2008-align-2.png,2008-align-2.png
http://frankdenneman.nl/wp-content/uploads/2009/05/2008-align-3.png,2008-align-3.png
http://frankdenneman.nl/wp-content/uploads/2009/05/2008-align-4.png,2008-align-4.png
http://frankdenneman.nl/wp-content/uploads/2009/05/2008-align-table-11.png,2008-align-table-11.png
http://frankdenneman.nl/wp-content/uploads/2009/05/2008-align-table-3.png,2008-align-table-3.png
http://frankdenneman.nl/wp-content/uploads/2009/10/addnode.jpg,addnode.jpg
http://frankdenneman.nl/wp-content/uploads/2009/10/fetch.jpg,fetch.jpg
http://frankdenneman.nl/wp-content/uploads/2009/10/gateway-connection.jpg,gateway-connection.jpg
http://frankdenneman.nl/wp-content/uploads/2009/10/logicalsite.jpg,logicalsite.jpg
http://frankdenneman.nl/wp-content/uploads/2009/10/managers1.jpg,managers1.jpg
http://frankdenneman.nl/wp-content/uploads/2009/10/replication.jpg,replication.jpg
http://frankdenneman.nl/wp-content/uploads/2009/11/calc.png,calc.png
http://frankdenneman.nl/wp-content/uploads/2009/12/active03.png,active03.png
http://frankdenneman.nl/wp-content/uploads/2009/12/chartsettings.png,chartsettings.png
http://frankdenneman.nl/wp-content/uploads/2009/12/memory.png,memory.png
http://frankdenneman.nl/wp-content/uploads/2009/12/memoryaddressspace.png,memoryaddressspace.png
http://frankdenneman.nl/wp-content/uploads/2009/12/statistics-level.png,statistics-level.png
http://frankdenneman.nl/wp-content/uploads/2009/12/swap.png,swap.png
http://frankdenneman.nl/wp-content/uploads/2010/02/NUMA-esxtop-fields.png,NUMA-esxtop-fields.png
http://frankdenneman.nl/wp-content/uploads/2010/02/NUMA-esxtop-numa.png,NUMA-esxtop-numa.png
http://frankdenneman.nl/wp-content/uploads/2010/02/numa-esxtop-totals.png,numa-esxtop-totals.png
http://frankdenneman.nl/wp-content/uploads/2010/02/NUMA-local-remote-access.png,NUMA-local-remote-access.png
http://frankdenneman.nl/wp-content/uploads/2010/02/NUMA-TPS.png,NUMA-TPS.png
http://frankdenneman.nl/wp-content/uploads/2010/02/NUMA-vSMP-placement-non-numa.png,NUMA-vSMP-placement-non-numa.png
http://frankdenneman.nl/wp-content/uploads/2010/02/NUMA-vSMP-placement-numa.png,NUMA-vSMP-placement-numa.png
http://frankdenneman.nl/wp-content/uploads/2010/03/AAS.png,AAS.png
http://frankdenneman.nl/wp-content/uploads/2010/03/drs-rdc-cpu1.png,drs-rdc-cpu1.png
http://frankdenneman.nl/wp-content/uploads/2010/03/drs-rdc-cpu2.png,drs-rdc-cpu2.png
http://frankdenneman.nl/wp-content/uploads/2010/03/drs-rdc-mem2.png,drs-rdc-mem2.png
http://frankdenneman.nl/wp-content/uploads/2010/03/oldschool-1.png,oldschool-1.png
http://frankdenneman.nl/wp-content/uploads/2010/03/optimized-paths.png,optimized-paths.png
http://frankdenneman.nl/wp-content/uploads/2010/06/claimdistribution.png,claimdistribution.png
http://frankdenneman.nl/wp-content/uploads/2010/06/stage2.png,stage2.png
http://frankdenneman.nl/wp-content/uploads/2010/06/stage3.png,stage3.png
http://frankdenneman.nl/wp-content/uploads/2010/07/schedule.png,schedule.png
http://frankdenneman.nl/wp-content/uploads/2010/07/vm-host1.png,vm-host1.png
http://frankdenneman.nl/wp-content/uploads/2010/09/01.png,01.png
http://frankdenneman.nl/wp-content/uploads/2010/09/2.png,2.png
http://frankdenneman.nl/wp-content/uploads/2010/09/3.png,3.png
http://frankdenneman.nl/wp-content/uploads/2010/09/4.png,4.png
http://frankdenneman.nl/wp-content/uploads/2010/09/5.png,5.png
http://frankdenneman.nl/wp-content/uploads/2010/09/6.png,6.png
http://frankdenneman.nl/wp-content/uploads/2010/09/MappingPvDC-01.png,MappingPvDC-01.png
http://frankdenneman.nl/wp-content/uploads/2010/09/MappingPvDC-02.png,MappingPvDC-02.png
http://frankdenneman.nl/wp-content/uploads/2010/09/MappingPvDC-032.png,MappingPvDC-032.png
http://frankdenneman.nl/wp-content/uploads/2010/09/MappingPvDC-04.png,MappingPvDC-04.png
http://frankdenneman.nl/wp-content/uploads/2010/09/MappingPvDC-05.png,MappingPvDC-05.png
http://frankdenneman.nl/wp-content/uploads/2010/09/MappingPvDC-06.png,MappingPvDC-06.png
http://frankdenneman.nl/wp-content/uploads/2010/09/RP-fs-01.png,RP-fs-01.png
http://frankdenneman.nl/wp-content/uploads/2010/09/RP-fs-025.png,RP-fs-025.png
http://frankdenneman.nl/wp-content/uploads/2010/09/vCD-diagram1.png,vCD-diagram1.png
http://frankdenneman.nl/wp-content/uploads/2010/10/Active-standby-vSwitch0.png,Active-standby-vSwitch0.png
http://frankdenneman.nl/wp-content/uploads/2010/10/Look-right-50-web.jpg,Look-right-50-web.jpg
http://frankdenneman.nl/wp-content/uploads/2010/10/NUMA-CPU-elements2.png,NUMA-CPU-elements2.png
http://frankdenneman.nl/wp-content/uploads/2010/11/Picture-2.png,Picture-2.png
http://frankdenneman.nl/wp-content/uploads/2010/12/coverlarge.jpg,coverlarge.jpg
http://frankdenneman.nl/wp-content/uploads/2010/12/evc-baselines.png,evc-baselines.png
http://frankdenneman.nl/wp-content/uploads/2010/12/herengracht.jpg,herengracht.jpg
http://frankdenneman.nl/wp-content/uploads/2010/12/NUMA.png,NUMA.png
http://frankdenneman.nl/wp-content/uploads/2010/12/UMA.png,UMA.png
http://frankdenneman.nl/wp-content/uploads/2010/12/vbeers.jpg,vbeers.jpg
http://frankdenneman.nl/wp-content/uploads/2011/01/cpu-affinity-HT.png,cpu-affinity-HT.png
http://frankdenneman.nl/wp-content/uploads/2011/01/Magny-cours-1.png,Magny-cours-1.png
http://frankdenneman.nl/wp-content/uploads/2011/01/Magny-cours-21.png,Magny-cours-21.png
http://frankdenneman.nl/wp-content/uploads/2011/01/percentagebased01.png,percentagebased01.png
http://frankdenneman.nl/wp-content/uploads/2011/01/percentagebased02.png,percentagebased02.png
http://frankdenneman.nl/wp-content/uploads/2011/01/percentagebased03.png,percentagebased03.png
http://frankdenneman.nl/wp-content/uploads/2011/02/ip-hash-1.png,ip-hash-1.png
http://frankdenneman.nl/wp-content/uploads/2011/02/ip-hash-2.png,ip-hash-2.png
http://frankdenneman.nl/wp-content/uploads/2011/02/ip-hash-3.png,ip-hash-3.png
http://frankdenneman.nl/wp-content/uploads/2011/06/DSC_02941.jpeg,DSC_02941.jpeg
http://frankdenneman.nl/wp-content/uploads/2011/06/DSC_0295.jpeg,DSC_0295.jpeg
http://frankdenneman.nl/wp-content/uploads/2011/06/DSC_0296.jpg,DSC_0296.jpg
http://frankdenneman.nl/wp-content/uploads/2011/06/DSC_0299.jpeg,DSC_0299.jpeg
http://frankdenneman.nl/wp-content/uploads/2011/07/datamovers.png,datamovers.png
http://frankdenneman.nl/wp-content/uploads/2011/07/DSC_1055.png,DSC_1055.png
http://frankdenneman.nl/wp-content/uploads/2011/09/SDRS-1.png,SDRS-1.png
http://frankdenneman.nl/wp-content/uploads/2011/09/SDRS-2.png,SDRS-2.png
http://frankdenneman.nl/wp-content/uploads/2011/09/SDRS-3.png,SDRS-3.png
http://frankdenneman.nl/wp-content/uploads/2011/10/partially-connected-13.png,partially-connected-13.png
http://frankdenneman.nl/wp-content/uploads/2011/10/SDRS-faults.png,SDRS-faults.png
http://frankdenneman.nl/wp-content/uploads/2012/01/IP-sim01.png,IP-sim01.png
http://frankdenneman.nl/wp-content/uploads/2012/01/IP-sim021.png,IP-sim021.png
http://frankdenneman.nl/wp-content/uploads/2012/01/IP-sim032.png,IP-sim032.png
http://frankdenneman.nl/wp-content/uploads/2012/01/recommendation-set.png,recommendation-set.png
http://frankdenneman.nl/wp-content/uploads/2012/01/recursive-steps.png,recursive-steps.png
http://frankdenneman.nl/wp-content/uploads/2012/01/scenario1-post.png,scenario1-post.png
http://frankdenneman.nl/wp-content/uploads/2012/01/scenario1-pre-copy.png,scenario1-pre-copy.png
http://frankdenneman.nl/wp-content/uploads/2012/01/space-fragmentation.png,space-fragmentation.png
http://frankdenneman.nl/wp-content/uploads/2012/02/affinity-rule-disabled.png,affinity-rule-disabled.png
http://frankdenneman.nl/wp-content/uploads/2012/02/affinity-rule.png,affinity-rule.png
http://frankdenneman.nl/wp-content/uploads/2012/02/DRMdisk.png,DRMdisk.png
http://frankdenneman.nl/wp-content/uploads/2012/02/intravmaffinityrule-off-activity.png,intravmaffinityrule-off-activity.png
http://frankdenneman.nl/wp-content/uploads/2012/02/intravmaffinityrule-off.png,intravmaffinityrule-off.png
http://frankdenneman.nl/wp-content/uploads/2012/02/SIOC-injector-read-tier1.png,SIOC-injector-read-tier1.png
http://frankdenneman.nl/wp-content/uploads/2012/02/SIOC-injector-read-tier3.png,SIOC-injector-read-tier3.png
http://frankdenneman.nl/wp-content/uploads/2012/04/Multiple-arrays-single-datastore-cluster.png,Multiple-arrays-single-datastore-cluster.png
http://frankdenneman.nl/wp-content/uploads/2012/04/multiple-compute-clusters-sharing-sdc-load-balancing-domain.png,multiple-compute-clusters-sharing-sdc-load-balancing-domain.png
http://frankdenneman.nl/wp-content/uploads/2012/05/01-Admission-control-sequence-Allocation-Model-phase-1.png,01-Admission-control-sequence-Allocation-Model-phase-1.png
http://frankdenneman.nl/wp-content/uploads/2012/05/02-Admission-control-sequence-Allocation-Model-phase-2.png,02-Admission-control-sequence-Allocation-Model-phase-2.png
http://frankdenneman.nl/wp-content/uploads/2012/05/03-Admission-control-sequence-Allocation-Model-failure.png,03-Admission-control-sequence-Allocation-Model-failure.png
http://frankdenneman.nl/wp-content/uploads/2012/05/04-Allocation-Pool-Model-Consolidation-ratio-.png,04-Allocation-Pool-Model-Consolidation-ratio-.png
http://frankdenneman.nl/wp-content/uploads/2012/05/admission-control-check4.png,admission-control-check4.png
http://frankdenneman.nl/wp-content/uploads/2012/05/Aggregating-available-memory1.png,Aggregating-available-memory1.png
http://frankdenneman.nl/wp-content/uploads/2012/05/DRS-cluster-resource-providers-and-consumers.png,DRS-cluster-resource-providers-and-consumers.png
http://frankdenneman.nl/wp-content/uploads/2012/05/endshot.jpg,endshot.jpg
http://frankdenneman.nl/wp-content/uploads/2012/05/hierarchical-level1.png,hierarchical-level1.png
http://frankdenneman.nl/wp-content/uploads/2012/05/hierarchical-level2.png,hierarchical-level2.png
http://frankdenneman.nl/wp-content/uploads/2012/05/hierarchical-level3.png,hierarchical-level3.png
http://frankdenneman.nl/wp-content/uploads/2012/05/IOlbtimeline1.png,IOlbtimeline1.png
http://frankdenneman.nl/wp-content/uploads/2012/05/reserved-capacity.png,reserved-capacity.png
http://frankdenneman.nl/wp-content/uploads/2012/05/RP-reservation-.png,RP-reservation-.png
http://frankdenneman.nl/wp-content/uploads/2012/05/whiteboard.jpg,whiteboard.jpg
http://frankdenneman.nl/wp-content/uploads/2012/05/whiteboarddesk03.jpg,whiteboarddesk03.jpg
http://frankdenneman.nl/wp-content/uploads/2012/05/whiteboarddesk04-2.jpg,whiteboarddesk04-2.jpg
http://frankdenneman.nl/wp-content/uploads/2012/05/whiteboarddesk05.jpg,whiteboarddesk05.jpg
http://frankdenneman.nl/wp-content/uploads/2012/05/whiteboardesk00.jpg,whiteboardesk00.jpg
http://frankdenneman.nl/wp-content/uploads/2012/06/Screen-Shot-2012-06-05-at-11.16.53-AM.png,Screen-Shot-2012-06-05-at-11.16.53-AM.png
http://frankdenneman.nl/wp-content/uploads/2012/06/Storage-vMotion-Cost-Max-Cost1.png,Storage-vMotion-Cost-Max-Cost1.png
http://frankdenneman.nl/wp-content/uploads/2012/06/Storage-vMotion-Cost-svmotion-in-process.png,Storage-vMotion-Cost-svmotion-in-process.png
http://frankdenneman.nl/wp-content/uploads/2012/07/IORMSTATS.SF-access1.png,IORMSTATS.SF-access1.png
http://frankdenneman.nl/wp-content/uploads/2012/07/Screen-Shot-2012-07-20-at-10.36.10-AM.png,Screen-Shot-2012-07-20-at-10.36.10-AM.png
http://frankdenneman.nl/wp-content/uploads/2012/07/Screen-Shot-2012-07-20-at-10.46.22-AM.png,Screen-Shot-2012-07-20-at-10.46.22-AM.png
http://frankdenneman.nl/wp-content/uploads/2012/07/Storage-stack3.png,Storage-stack3.png
http://frankdenneman.nl/wp-content/uploads/2012/08/41e+A+MhUeL._SL500_AA300_.jpg,41e+A+MhUeL._SL500_AA300_.jpg
http://frankdenneman.nl/wp-content/uploads/2012/08/idletax-11.png,idletax-11.png
http://frankdenneman.nl/wp-content/uploads/2012/08/idletax-22.png,idletax-22.png
http://frankdenneman.nl/wp-content/uploads/2012/08/idletax-32.png,idletax-32.png
http://frankdenneman.nl/wp-content/uploads/2012/08/Templates-and-D-MM.png,Templates-and-D-MM.png
http://frankdenneman.nl/wp-content/uploads/2012/08/utility-cards.png,utility-cards.png
http://frankdenneman.nl/wp-content/uploads/2012/09/00-home.png,00-home.png
http://frankdenneman.nl/wp-content/uploads/2012/09/00-storageprofiles.png,00-storageprofiles.png
http://frankdenneman.nl/wp-content/uploads/2012/09/01-different-sc.png,01-different-sc.png
http://frankdenneman.nl/wp-content/uploads/2012/09/01-enable-VM-storage-profiles-650.png,01-enable-VM-storage-profiles-650.png
http://frankdenneman.nl/wp-content/uploads/2012/09/01-local-datastore-data-copy.png,01-local-datastore-data-copy.png
http://frankdenneman.nl/wp-content/uploads/2012/09/01-storage-650.png,01-storage-650.png
http://frankdenneman.nl/wp-content/uploads/2012/09/01-triple-sdc.png,01-triple-sdc.png
http://frankdenneman.nl/wp-content/uploads/2012/09/02-datastore-cluster-6501.png,02-datastore-cluster-6501.png
http://frankdenneman.nl/wp-content/uploads/2012/09/02-enable-650.png,02-enable-650.png
http://frankdenneman.nl/wp-content/uploads/2012/09/02-Manage-Settings.png,02-Manage-Settings.png
http://frankdenneman.nl/wp-content/uploads/2012/09/02-mirror-mode.png,02-mirror-mode.png
http://frankdenneman.nl/wp-content/uploads/2012/09/02-noSC.png,02-noSC.png
http://frankdenneman.nl/wp-content/uploads/2012/09/02-triple-sdc-triple-sc.png,02-triple-sdc-triple-sc.png
http://frankdenneman.nl/wp-content/uploads/2012/09/03-Create-DRS-Group-name.png,03-Create-DRS-Group-name.png
http://frankdenneman.nl/wp-content/uploads/2012/09/03-distributed-vm-profiles.png,03-distributed-vm-profiles.png
http://frankdenneman.nl/wp-content/uploads/2012/09/03-new-datastore-cluster-650.png,03-new-datastore-cluster-650.png
http://frankdenneman.nl/wp-content/uploads/2012/09/03-shared-datastore-data-copy.png,03-shared-datastore-data-copy.png
http://frankdenneman.nl/wp-content/uploads/2012/09/03-vmsp.png,03-vmsp.png
http://frankdenneman.nl/wp-content/uploads/2012/09/04-advanced-700.png,04-advanced-700.png
http://frankdenneman.nl/wp-content/uploads/2012/09/04-expanded-menu.png,04-expanded-menu.png
http://frankdenneman.nl/wp-content/uploads/2012/09/04-review-config.png,04-review-config.png
http://frankdenneman.nl/wp-content/uploads/2012/09/04-select-storage.png,04-select-storage.png
http://frankdenneman.nl/wp-content/uploads/2012/09/04-Storage-DRS-automation-650.png,04-Storage-DRS-automation-650.png
http://frankdenneman.nl/wp-content/uploads/2012/09/05-browse.png,05-browse.png
http://frankdenneman.nl/wp-content/uploads/2012/09/05-Configure-VM-Storage-Profile+650.png,05-Configure-VM-Storage-Profile+650.png
http://frankdenneman.nl/wp-content/uploads/2012/09/05-review-host-group.png,05-review-host-group.png
http://frankdenneman.nl/wp-content/uploads/2012/09/05-SC-surfaced.png,05-SC-surfaced.png
http://frankdenneman.nl/wp-content/uploads/2012/09/05-Storage-DRS-runtime-settings-650.png,05-Storage-DRS-runtime-settings-650.png
http://frankdenneman.nl/wp-content/uploads/2012/09/06-overview-groups.png,06-overview-groups.png
http://frankdenneman.nl/wp-content/uploads/2012/09/06-storage-profiles-compatible-datastore-cluster.png,06-storage-profiles-compatible-datastore-cluster.png
http://frankdenneman.nl/wp-content/uploads/2012/09/07-DRS-Rules.png,07-DRS-Rules.png
http://frankdenneman.nl/wp-content/uploads/2012/09/07-Manage-Storage-Profiles-650.png,07-Manage-Storage-Profiles-650.png
http://frankdenneman.nl/wp-content/uploads/2012/09/07-Select-Clusters-and-Hosts-650.png,07-Select-Clusters-and-Hosts-650.png
http://frankdenneman.nl/wp-content/uploads/2012/09/07-selected-vmsp.png,07-selected-vmsp.png
http://frankdenneman.nl/wp-content/uploads/2012/09/08-apply-storage-profiles-650.png,08-apply-storage-profiles-650.png
http://frankdenneman.nl/wp-content/uploads/2012/09/08-overview.png,08-overview.png
http://frankdenneman.nl/wp-content/uploads/2012/09/08-rules-config.png,08-rules-config.png
http://frankdenneman.nl/wp-content/uploads/2012/09/08-Select-datastores-650.png,08-Select-datastores-650.png
http://frankdenneman.nl/wp-content/uploads/2012/09/09-more-recommendations.png,09-more-recommendations.png
http://frankdenneman.nl/wp-content/uploads/2012/09/09-Ready-to-complete-650.png,09-Ready-to-complete-650.png
http://frankdenneman.nl/wp-content/uploads/2012/09/09-Review-ruleset.png,09-Review-ruleset.png
http://frankdenneman.nl/wp-content/uploads/2012/09/09-vm-view-650.png,09-vm-view-650.png
http://frankdenneman.nl/wp-content/uploads/2012/09/1-architecture1.png,1-architecture1.png
http://frankdenneman.nl/wp-content/uploads/2012/09/1-Parallel-Storage-vMotion-overview6.png,1-Parallel-Storage-vMotion-overview6.png
http://frankdenneman.nl/wp-content/uploads/2012/09/2-Isolation1.png,2-Isolation1.png
http://frankdenneman.nl/wp-content/uploads/2012/09/2-Parallel-migration-of-VMDKs-on-distinct-datastores2.png,2-Parallel-migration-of-VMDKs-on-distinct-datastores2.png
http://frankdenneman.nl/wp-content/uploads/2012/09/3-concurrent-IO-streams1.png,3-concurrent-IO-streams1.png
http://frankdenneman.nl/wp-content/uploads/2012/09/4-IO-migrations3.png,4-IO-migrations3.png
http://frankdenneman.nl/wp-content/uploads/2012/09/7650029738_569a850602.jpg,7650029738_569a850602.jpg
http://frankdenneman.nl/wp-content/uploads/2012/09/affinity-rule-UI.png,affinity-rule-UI.png
http://frankdenneman.nl/wp-content/uploads/2012/09/DRMDisk.png,DRMDisk.png
http://frankdenneman.nl/wp-content/uploads/2012/09/Fig-145-Multiple-migrations-to-select-distinct-datastores.png,Fig-145-Multiple-migrations-to-select-distinct-datastores.png
http://frankdenneman.nl/wp-content/uploads/2012/10/00-Datastore-Cluster-view.png,00-Datastore-Cluster-view.png
http://frankdenneman.nl/wp-content/uploads/2012/10/00-Datastore-recommendations.png,00-Datastore-recommendations.png
http://frankdenneman.nl/wp-content/uploads/2012/10/00-Fault-details.png,00-Fault-details.png
http://frankdenneman.nl/wp-content/uploads/2012/10/00-input.png,00-input.png
http://frankdenneman.nl/wp-content/uploads/2012/10/00-inventory-list.png,00-inventory-list.png
http://frankdenneman.nl/wp-content/uploads/2012/10/00-overview-680.png,00-overview-680.png
http://frankdenneman.nl/wp-content/uploads/2012/10/00-SIOC-threshold-host-queue-throttled.png,00-SIOC-threshold-host-queue-throttled.png
http://frankdenneman.nl/wp-content/uploads/2012/10/00-Step-4-Select-Clusters-and-Hosts.png,00-Step-4-Select-Clusters-and-Hosts.png
http://frankdenneman.nl/wp-content/uploads/2012/10/01-colored-indicators.png,01-colored-indicators.png
http://frankdenneman.nl/wp-content/uploads/2012/10/01-IdleMB-datastore.png,01-IdleMB-datastore.png
http://frankdenneman.nl/wp-content/uploads/2012/10/01-perform-this-action.png,01-perform-this-action.png
http://frankdenneman.nl/wp-content/uploads/2012/10/01-Select-Datastores.png,01-Select-Datastores.png
http://frankdenneman.nl/wp-content/uploads/2012/10/01-Storage-DRS-load-balancing-source-destination-datastore.png,01-Storage-DRS-load-balancing-source-destination-datastore.png
http://frankdenneman.nl/wp-content/uploads/2012/10/01-Storage-recommendations-680.png,01-Storage-recommendations-680.png
http://frankdenneman.nl/wp-content/uploads/2012/10/02-assign.png,02-assign.png
http://frankdenneman.nl/wp-content/uploads/2012/10/02-Clusters-and-Hosts.png,02-Clusters-and-Hosts.png
http://frankdenneman.nl/wp-content/uploads/2012/10/02-datastore-connection-missing.png,02-datastore-connection-missing.png
http://frankdenneman.nl/wp-content/uploads/2012/10/02-entitledspaceuse.png,02-entitledspaceuse.png
http://frankdenneman.nl/wp-content/uploads/2012/10/02-Load06-example-680.png,02-Load06-example-680.png
http://frankdenneman.nl/wp-content/uploads/2012/10/02-Statistics-680.png,02-Statistics-680.png
http://frankdenneman.nl/wp-content/uploads/2012/10/02-VMobservedLatency.png,02-VMobservedLatency.png
http://frankdenneman.nl/wp-content/uploads/2012/10/03-missing-connection.png,03-missing-connection.png
http://frankdenneman.nl/wp-content/uploads/2012/10/03-stats.png,03-stats.png
http://frankdenneman.nl/wp-content/uploads/2012/10/03-Storage-view-Clusters.png,03-Storage-view-Clusters.png
http://frankdenneman.nl/wp-content/uploads/2012/10/03-surfaced-storage-capability.png,03-surfaced-storage-capability.png
http://frankdenneman.nl/wp-content/uploads/2012/10/04-add-new-datastore.png,04-add-new-datastore.png
http://frankdenneman.nl/wp-content/uploads/2012/10/04-new-disk-datastore-recommendation-680.png,04-new-disk-datastore-recommendation-680.png
http://frankdenneman.nl/wp-content/uploads/2012/10/04-Storage-view-Standalone-Hosts.png,04-Storage-view-Standalone-Hosts.png
http://frankdenneman.nl/wp-content/uploads/2012/10/05-duplicate-datastore.png,05-duplicate-datastore.png
http://frankdenneman.nl/wp-content/uploads/2012/10/06-add-datastores-connected.png,06-add-datastores-connected.png
http://frankdenneman.nl/wp-content/uploads/2012/10/cloudphysics-bookcover.png,cloudphysics-bookcover.png
http://frankdenneman.nl/wp-content/uploads/2012/10/device-modeling-timer1.png,device-modeling-timer1.png
http://frankdenneman.nl/wp-content/uploads/2012/10/Storage-DRS-DRMdisks.png,Storage-DRS-DRMdisks.png
http://frankdenneman.nl/wp-content/uploads/2012/11/00-datastore-cluster-object.png,00-datastore-cluster-object.png
http://frankdenneman.nl/wp-content/uploads/2012/11/00-Storage-DRS-Initial-placement-process-vSphere-5.png,00-Storage-DRS-Initial-placement-process-vSphere-5.png
http://frankdenneman.nl/wp-content/uploads/2012/11/01-Initial-placement-process-place-vm2.png,01-Initial-placement-process-place-vm2.png
http://frankdenneman.nl/wp-content/uploads/2012/11/01-New-alarm-definition.png,01-New-alarm-definition.png
http://frankdenneman.nl/wp-content/uploads/2012/11/02-event-trigger.png,02-event-trigger.png
http://frankdenneman.nl/wp-content/uploads/2012/11/02-Initial-placement-process-vApp-step-1.png,02-Initial-placement-process-vApp-step-1.png
http://frankdenneman.nl/wp-content/uploads/2012/11/03-alarm-action.png,03-alarm-action.png
http://frankdenneman.nl/wp-content/uploads/2012/11/03-Initial-placement-process-vApp-step-2.png,03-Initial-placement-process-vApp-step-2.png
http://frankdenneman.nl/wp-content/uploads/2012/11/04-alarm-listed.png,04-alarm-listed.png
http://frankdenneman.nl/wp-content/uploads/2012/11/04-Initial-placement-process-vApp-step-3.png,04-Initial-placement-process-vApp-step-3.png
http://frankdenneman.nl/wp-content/uploads/2012/11/05-mailserver.png,05-mailserver.png
http://frankdenneman.nl/wp-content/uploads/2012/11/06-Triggered-Alarms.png,06-Triggered-Alarms.png
http://frankdenneman.nl/wp-content/uploads/2012/11/07-alarm-message.png,07-alarm-message.png
http://frankdenneman.nl/wp-content/uploads/2012/11/datastore-specified-by-host.png,datastore-specified-by-host.png
http://frankdenneman.nl/wp-content/uploads/2012/11/replicated-datastores2.png,replicated-datastores2.png
http://frankdenneman.nl/wp-content/uploads/2012/11/swapped-out-pages-destination.png,swapped-out-pages-destination.png
http://frankdenneman.nl/wp-content/uploads/2012/12/00-multi-nic-layers.png,00-multi-nic-layers.png
http://frankdenneman.nl/wp-content/uploads/2012/12/00-multi-nic.png,00-multi-nic.png
http://frankdenneman.nl/wp-content/uploads/2012/12/00-Stretched-cluster-architecture.png,00-Stretched-cluster-architecture.png
http://frankdenneman.nl/wp-content/uploads/2012/12/01-Initial-DRS-Groups.png,01-Initial-DRS-Groups.png
http://frankdenneman.nl/wp-content/uploads/2012/12/02-mgmt-vm-group-setup.png,02-mgmt-vm-group-setup.png
http://frankdenneman.nl/wp-content/uploads/2012/12/03-Venn-diagramm.png,03-Venn-diagramm.png
http://frankdenneman.nl/wp-content/uploads/2012/12/04-affinity-rules.png,04-affinity-rules.png
http://frankdenneman.nl/wp-content/uploads/2012/12/vMotion-system-resource-pool.png,vMotion-system-resource-pool.png
http://frankdenneman.nl/wp-content/uploads/2012/12/vsphere-client-01.png,vsphere-client-01.png
http://frankdenneman.nl/wp-content/uploads/2012/12/vsphere-client-02.png,vsphere-client-02.png
http://frankdenneman.nl/wp-content/uploads/2012/12/webclient.png,webclient.png
http://frankdenneman.nl/wp-content/uploads/2013/01/00-datastore-cluster-default-vm-affinity-rule.png,00-datastore-cluster-default-vm-affinity-rule.png
http://frankdenneman.nl/wp-content/uploads/2013/01/00-vds-teaming-and-failover.png,00-vds-teaming-and-failover.png
http://frankdenneman.nl/wp-content/uploads/2013/01/01-enable-netioc.png,01-enable-netioc.png
http://frankdenneman.nl/wp-content/uploads/2013/01/01-failover-order.png,01-failover-order.png
http://frankdenneman.nl/wp-content/uploads/2013/01/01-intra-vm-affinity-rule.png,01-intra-vm-affinity-rule.png
http://frankdenneman.nl/wp-content/uploads/2013/01/01-Multi-NIC-vMotion-to-Single-NIC-vMotion.png,01-Multi-NIC-vMotion-to-Single-NIC-vMotion.png
http://frankdenneman.nl/wp-content/uploads/2013/01/01-network-configuration2.png,01-network-configuration2.png
http://frankdenneman.nl/wp-content/uploads/2013/01/01-vm-portgroup-mapping-to-virtual-machine-portgroup.png,01-vm-portgroup-mapping-to-virtual-machine-portgroup.png
http://frankdenneman.nl/wp-content/uploads/2013/01/011-user-defined-network-resource-pool.png,011-user-defined-network-resource-pool.png
http://frankdenneman.nl/wp-content/uploads/2013/01/02-load-balancing-by-etherchannel.png,02-load-balancing-by-etherchannel.png
http://frankdenneman.nl/wp-content/uploads/2013/01/02-multi-nic-configuration.png,02-multi-nic-configuration.png
http://frankdenneman.nl/wp-content/uploads/2013/01/02-network-pools-overview1.png,02-network-pools-overview1.png
http://frankdenneman.nl/wp-content/uploads/2013/01/02-resource-allocation-tab.png,02-resource-allocation-tab.png
http://frankdenneman.nl/wp-content/uploads/2013/01/02-vm-configuration.png,02-vm-configuration.png
http://frankdenneman.nl/wp-content/uploads/2013/01/02-vMotion-traffic-via-IP-HASH.png,02-vMotion-traffic-via-IP-HASH.png
http://frankdenneman.nl/wp-content/uploads/2013/01/03-multi-nic-configuration-active-shares.png,03-multi-nic-configuration-active-shares.png
http://frankdenneman.nl/wp-content/uploads/2013/01/03-new-distributed-portgroup.png,03-new-distributed-portgroup.png
http://frankdenneman.nl/wp-content/uploads/2013/01/03-recommendation.png,03-recommendation.png
http://frankdenneman.nl/wp-content/uploads/2013/01/03-system-network-resource-pools.png,03-system-network-resource-pools.png
http://frankdenneman.nl/wp-content/uploads/2013/01/04-datastore-cluster-overview.png,04-datastore-cluster-overview.png
http://frankdenneman.nl/wp-content/uploads/2013/01/04-default-network-resource-pool.png,04-default-network-resource-pool.png
http://frankdenneman.nl/wp-content/uploads/2013/01/04-multi-nic-configuration-active-shares-worst-case-scenario.png,04-multi-nic-configuration-active-shares-worst-case-scenario.png
http://frankdenneman.nl/wp-content/uploads/2013/01/04-New-Network-Resource-Pool.png,04-New-Network-Resource-Pool.png
http://frankdenneman.nl/wp-content/uploads/2013/01/049-Host-limit.png,049-Host-limit.png
http://frankdenneman.nl/wp-content/uploads/2013/01/05-default-share-values.png,05-default-share-values.png
http://frankdenneman.nl/wp-content/uploads/2013/01/05-ingress-egress.png,05-ingress-egress.png
http://frankdenneman.nl/wp-content/uploads/2013/01/06-ds-architecture2.png,06-ds-architecture2.png
http://frankdenneman.nl/wp-content/uploads/2013/01/06-multiple-vmotion-streams-inbound.png,06-multiple-vmotion-streams-inbound.png
http://frankdenneman.nl/wp-content/uploads/2013/01/07-all-shares-applied2.png,07-all-shares-applied2.png
http://frankdenneman.nl/wp-content/uploads/2013/01/071-distribution-of-bandwidth.png,071-distribution-of-bandwidth.png
http://frankdenneman.nl/wp-content/uploads/2013/01/08-relative-share-priority.png,08-relative-share-priority.png
http://frankdenneman.nl/wp-content/uploads/2013/01/09-relative-share-priority-3-streams.png,09-relative-share-priority-3-streams.png
http://frankdenneman.nl/wp-content/uploads/2013/01/Hide-All-Getting-Started-Pages.png,Hide-All-Getting-Started-Pages.png
http://frankdenneman.nl/wp-content/uploads/2013/01/Motion-operation-costs1.png,Motion-operation-costs1.png
http://frankdenneman.nl/wp-content/uploads/2013/01/vMotion-operation-cost1.png,vMotion-operation-cost1.png
http://frankdenneman.nl/wp-content/uploads/2013/02/00-distributed-switch-and-host-levels.png,00-distributed-switch-and-host-levels.png
http://frankdenneman.nl/wp-content/uploads/2013/02/00-drmdump.png,00-drmdump.png
http://frankdenneman.nl/wp-content/uploads/2013/02/00-failover-capacity.png,00-failover-capacity.png
http://frankdenneman.nl/wp-content/uploads/2013/02/00-logical-diagram-of-cluster-configuration.png,00-logical-diagram-of-cluster-configuration.png
http://frankdenneman.nl/wp-content/uploads/2013/02/00-virtual-machine-memory-configuration-vSphere-client.png,00-virtual-machine-memory-configuration-vSphere-client.png
http://frankdenneman.nl/wp-content/uploads/2013/02/01-cluster-resource-allocation-before-HA.png,01-cluster-resource-allocation-before-HA.png
http://frankdenneman.nl/wp-content/uploads/2013/02/01-command-prompt.png,01-command-prompt.png
http://frankdenneman.nl/wp-content/uploads/2013/02/01-Datastore-recommendations1.png,01-Datastore-recommendations1.png
http://frankdenneman.nl/wp-content/uploads/2013/02/01-demand-up.png,01-demand-up.png
http://frankdenneman.nl/wp-content/uploads/2013/02/01-New-Distributed-Port-Group.png,01-New-Distributed-Port-Group.png
http://frankdenneman.nl/wp-content/uploads/2013/02/01-Parent-child-relationship.png,01-Parent-child-relationship.png
http://frankdenneman.nl/wp-content/uploads/2013/02/01-reserve-all-guest-memory-vSphere-client.png,01-reserve-all-guest-memory-vSphere-client.png
http://frankdenneman.nl/wp-content/uploads/2013/02/01-SIOC-disabled.png,01-SIOC-disabled.png
http://frankdenneman.nl/wp-content/uploads/2013/02/02-Datastore-latency.png,02-Datastore-latency.png
http://frankdenneman.nl/wp-content/uploads/2013/02/02-distribution-pass-1.png,02-distribution-pass-1.png
http://frankdenneman.nl/wp-content/uploads/2013/02/02-enable-SIOC-stats-only-mode.png,02-enable-SIOC-stats-only-mode.png
http://frankdenneman.nl/wp-content/uploads/2013/02/02-Name-and-Location.png,02-Name-and-Location.png
http://frankdenneman.nl/wp-content/uploads/2013/02/02-Parent-child-relationship-vm.png,02-Parent-child-relationship-vm.png
http://frankdenneman.nl/wp-content/uploads/2013/02/02-reserve-all-guest-memory-web-client.png,02-reserve-all-guest-memory-web-client.png
http://frankdenneman.nl/wp-content/uploads/2013/02/02-Reserved-failover-Memory-capacity.png,02-Reserved-failover-Memory-capacity.png
http://frankdenneman.nl/wp-content/uploads/2013/02/03-cluster-resource-allocation-HA-enabled.png,03-cluster-resource-allocation-HA-enabled.png
http://frankdenneman.nl/wp-content/uploads/2013/02/03-dPortgroup-settings.png,03-dPortgroup-settings.png
http://frankdenneman.nl/wp-content/uploads/2013/02/03-Parent-child-protected-resource-distibution.png,03-Parent-child-protected-resource-distibution.png
http://frankdenneman.nl/wp-content/uploads/2013/02/03-Return-of-excessive-resources.png,03-Return-of-excessive-resources.png
http://frankdenneman.nl/wp-content/uploads/2013/02/03-SIOC-activity.png,03-SIOC-activity.png
http://frankdenneman.nl/wp-content/uploads/2013/02/03-SIOC-Time-Range.png,03-SIOC-Time-Range.png
http://frankdenneman.nl/wp-content/uploads/2013/02/031-cluster-reserved-capacity.png,031-cluster-reserved-capacity.png
http://frankdenneman.nl/wp-content/uploads/2013/02/04-distribution-pass-2.png,04-distribution-pass-2.png
http://frankdenneman.nl/wp-content/uploads/2013/02/04-HA-admission-control.png,04-HA-admission-control.png
http://frankdenneman.nl/wp-content/uploads/2013/02/04-resource-pool-b-protected-reservation-request.png,04-resource-pool-b-protected-reservation-request.png
http://frankdenneman.nl/wp-content/uploads/2013/02/04-running-stats-only-mode.png,04-running-stats-only-mode.png
http://frankdenneman.nl/wp-content/uploads/2013/02/04-slotsfile-before.png,04-slotsfile-before.png
http://frankdenneman.nl/wp-content/uploads/2013/02/04-VLAN-ID.png,04-VLAN-ID.png
http://frankdenneman.nl/wp-content/uploads/2013/02/05-ESXtop.png,05-ESXtop.png
http://frankdenneman.nl/wp-content/uploads/2013/02/05-slotsfile-after.png,05-slotsfile-after.png
http://frankdenneman.nl/wp-content/uploads/2013/02/05-teaming-and-failover.png,05-teaming-and-failover.png
http://frankdenneman.nl/wp-content/uploads/2013/02/06-SIOC-activity-after.png,06-SIOC-activity-after.png
http://frankdenneman.nl/wp-content/uploads/2013/02/06-VLAN-ID-2.png,06-VLAN-ID-2.png
http://frankdenneman.nl/wp-content/uploads/2013/02/07-teaming-and-failover.png,07-teaming-and-failover.png
http://frankdenneman.nl/wp-content/uploads/2013/02/08-add-host-networking.png,08-add-host-networking.png
http://frankdenneman.nl/wp-content/uploads/2013/02/09-VMkernel-Network-Adapter.png,09-VMkernel-Network-Adapter.png
http://frankdenneman.nl/wp-content/uploads/2013/02/10-select-network.png,10-select-network.png
http://frankdenneman.nl/wp-content/uploads/2013/02/11-select-target-device.png,11-select-target-device.png
http://frankdenneman.nl/wp-content/uploads/2013/02/12-Port-Properties.png,12-Port-Properties.png
http://frankdenneman.nl/wp-content/uploads/2013/02/13-ip-address.png,13-ip-address.png
http://frankdenneman.nl/wp-content/uploads/2013/02/50-shades-of-orange1.png,50-shades-of-orange1.png
http://frankdenneman.nl/wp-content/uploads/2013/02/Cord.png,Cord.png
http://frankdenneman.nl/wp-content/uploads/2013/03/00-hardware-version-provider-vdc.png,00-hardware-version-provider-vdc.png
http://frankdenneman.nl/wp-content/uploads/2013/03/01-select-drs-cluster.png,01-select-drs-cluster.png
http://frankdenneman.nl/wp-content/uploads/2013/03/02-Ready-to-Complete-Provider-vDC.png,02-Ready-to-Complete-Provider-vDC.png
http://frankdenneman.nl/wp-content/uploads/2013/03/03-Provider-vDCs-overview.png,03-Provider-vDCs-overview.png
http://frankdenneman.nl/wp-content/uploads/2013/03/04-Provider-vDC-menu.png,04-Provider-vDC-menu.png
http://frankdenneman.nl/wp-content/uploads/2013/03/05-Select-resource-pool.png,05-Select-resource-pool.png
http://frankdenneman.nl/wp-content/uploads/2013/04/01-IOversusMB.png,01-IOversusMB.png
http://frankdenneman.nl/wp-content/uploads/2013/04/01-turn-OFF-DRS.png,01-turn-OFF-DRS.png
http://frankdenneman.nl/wp-content/uploads/2013/04/01-vSphere-resource-Pools.png,01-vSphere-resource-Pools.png
http://frankdenneman.nl/wp-content/uploads/2013/04/01.png,01.png
http://frankdenneman.nl/wp-content/uploads/2013/04/02-Restore-Resource-Pool-Tree.png,02-Restore-Resource-Pool-Tree.png
http://frankdenneman.nl/wp-content/uploads/2013/04/02-vCD-migrate-to.png,02-vCD-migrate-to.png
http://frankdenneman.nl/wp-content/uploads/2013/04/02.png,02.png
http://frankdenneman.nl/wp-content/uploads/2013/04/03-select-cluster-snapshot.png,03-select-cluster-snapshot.png
http://frankdenneman.nl/wp-content/uploads/2013/04/03-vCD-Manually-select-a-resource-pool.png,03-vCD-Manually-select-a-resource-pool.png
http://frankdenneman.nl/wp-content/uploads/2013/04/03.png,03.png
http://frankdenneman.nl/wp-content/uploads/2013/04/04-Restored-Tree.png,04-Restored-Tree.png
http://frankdenneman.nl/wp-content/uploads/2013/04/04-VCD-Migrate-virtual-machine-process-overview.png,04-VCD-Migrate-virtual-machine-process-overview.png
http://frankdenneman.nl/wp-content/uploads/2013/04/04.png,04.png
http://frankdenneman.nl/wp-content/uploads/2013/04/05-vCD-VM-migrated-to-different-DRS-cluster.png,05-vCD-VM-migrated-to-different-DRS-cluster.png
http://frankdenneman.nl/wp-content/uploads/2013/04/05.png,05.png
http://frankdenneman.nl/wp-content/uploads/2013/04/06.png,06.png
http://frankdenneman.nl/wp-content/uploads/2013/04/07.png,07.png
http://frankdenneman.nl/wp-content/uploads/2013/04/08.png,08.png
http://frankdenneman.nl/wp-content/uploads/2013/04/09.png,09.png
http://frankdenneman.nl/wp-content/uploads/2013/04/1-moref-before.png,1-moref-before.png
http://frankdenneman.nl/wp-content/uploads/2013/04/2-vCenter-operations.png,2-vCenter-operations.png
http://frankdenneman.nl/wp-content/uploads/2013/04/3-moref-after.png,3-moref-after.png
http://frankdenneman.nl/wp-content/uploads/2013/05/SDRS-whitepaper-screenshot.png,SDRS-whitepaper-screenshot.png
http://frankdenneman.nl/wp-content/uploads/2013/06/vSphere41.png,vSphere41.png
http://frankdenneman.nl/wp-content/uploads/2013/06/vSphere5.jpg,vSphere5.jpg
http://frankdenneman.nl/wp-content/uploads/2013/08/cloudphysics_speaker_shirt.jpg,cloudphysics_speaker_shirt.jpg
http://frankdenneman.nl/wp-content/uploads/2013/08/Screen-Shot-2013-08-06-at-11.21.08-AM.png,Screen-Shot-2013-08-06-at-11.21.08-AM.png
http://frankdenneman.nl/wp-content/uploads/2013/09/00-8-virtual-sockets.png,00-8-virtual-sockets.png
http://frankdenneman.nl/wp-content/uploads/2013/09/01-basic-information-.png,01-basic-information-.png
http://frankdenneman.nl/wp-content/uploads/2013/09/02-windows-task-manager.png,02-windows-task-manager.png
http://frankdenneman.nl/wp-content/uploads/2013/09/03-1socket.png,03-1socket.png
http://frankdenneman.nl/wp-content/uploads/2013/09/04-task-manager-8-vCPU.png,04-task-manager-8-vCPU.png
http://frankdenneman.nl/wp-content/uploads/2013/09/05-vCPU-Stack.png,05-vCPU-Stack.png
http://frankdenneman.nl/wp-content/uploads/2013/09/06-2cores.png,06-2cores.png
http://frankdenneman.nl/wp-content/uploads/2013/09/07-ESXtop.png,07-ESXtop.png
http://frankdenneman.nl/wp-content/uploads/2013/09/08-hot-add.png,08-hot-add.png
http://frankdenneman.nl/wp-content/uploads/2013/12/ikea-portable-rack-1.jpg,ikea-portable-rack-1.jpg
http://frankdenneman.nl/wp-content/uploads/2014/01/1-SSO-configuration-identify-sources.png,1-SSO-configuration-identify-sources.png
http://frankdenneman.nl/wp-content/uploads/2014/01/2-vCenter-permissions.png,2-vCenter-permissions.png
http://frankdenneman.nl/wp-content/uploads/2014/01/3-Select-AD-domain-and-Group.png,3-Select-AD-domain-and-Group.png
http://frankdenneman.nl/wp-content/uploads/2014/01/4-Assign-Administrator-Role-to-AD-group.png,4-Assign-Administrator-Role-to-AD-group.png
http://frankdenneman.nl/wp-content/uploads/2014/01/5-vCenter-Server-Inventory-List.png,5-vCenter-Server-Inventory-List.png
http://frankdenneman.nl/wp-content/uploads/2014/02/01-Missing-files-jetstress-2010.png,01-Missing-files-jetstress-2010.png
http://frankdenneman.nl/wp-content/uploads/2014/03/01-DRS-unbalanced-memory.png,01-DRS-unbalanced-memory.png
http://frankdenneman.nl/wp-content/uploads/2014/03/02-DRS-VM-resource-entitlement.png,02-DRS-VM-resource-entitlement.png
http://frankdenneman.nl/wp-content/uploads/2014/03/03-DRS-Host-Load-Standard-Deviation.png,03-DRS-Host-Load-Standard-Deviation.png
http://frankdenneman.nl/wp-content/uploads/2014/03/Anandtech-screenshot.png,Anandtech-screenshot.png
http://frankdenneman.nl/wp-content/uploads/2014/03/Consumer-Latency.png,Consumer-Latency.png
http://frankdenneman.nl/wp-content/uploads/2014/03/Enterprise-consumer-grade.png,Enterprise-consumer-grade.png
http://frankdenneman.nl/wp-content/uploads/2014/03/Enterprise-latency.png,Enterprise-latency.png
http://frankdenneman.nl/wp-content/uploads/2014/04/Default-memory-reservation-setting.png,Default-memory-reservation-setting.png
http://frankdenneman.nl/wp-content/uploads/2014/04/Real-behavior-disable-reserve-all-guest-memory.png,Real-behavior-disable-reserve-all-guest-memory.png
http://frankdenneman.nl/wp-content/uploads/2014/04/Setting-enabled.png,Setting-enabled.png
http://frankdenneman.nl/wp-content/uploads/2014/07/Lifeinthedatacenter.png,Lifeinthedatacenter.png
http://frankdenneman.nl/wp-content/uploads/2014/08/2-Add-Permission.png,2-Add-Permission.png
http://frankdenneman.nl/wp-content/uploads/2014/08/3-This-Object.png,3-This-Object.png
http://frankdenneman.nl/wp-content/uploads/2014/08/4-No-Migrate.png,4-No-Migrate.png
http://frankdenneman.nl/wp-content/uploads/2014/08/5-Enter-Maintenance-Mode.png,5-Enter-Maintenance-Mode.png
http://frankdenneman.nl/wp-content/uploads/2014/08/6-Context.png,6-Context.png
http://frankdenneman.nl/wp-content/uploads/2014/08/Edit-role-No-vMotion.png,Edit-role-No-vMotion.png
http://frankdenneman.nl/wp-content/uploads/2014/09/Bala.jpeg,Bala.jpeg
http://frankdenneman.nl/wp-content/uploads/2014/09/ETL.png,ETL.png
http://frankdenneman.nl/wp-content/uploads/2014/09/public-speaking-books.jpg,public-speaking-books.jpg
http://frankdenneman.nl/wp-content/uploads/2014/10/vSphere-clustering-books.jpg,vSphere-clustering-books.jpg
http://frankdenneman.nl/wp-content/uploads/2014/12/IOreq.png,IOreq.png
http://frankdenneman.nl/wp-content/uploads/2015/01/parallel-remediation.png,parallel-remediation.png
http://frankdenneman.nl/wp-content/uploads/2015/02/01-Memory-configuration.png,01-Memory-configuration.png
http://frankdenneman.nl/wp-content/uploads/2015/02/02-Maximum-RDIMM-configuration-.png,02-Maximum-RDIMM-configuration-.png
http://frankdenneman.nl/wp-content/uploads/2015/02/03-DDR-signal-rate-per-clock-cycle.png,03-DDR-signal-rate-per-clock-cycle.png
http://frankdenneman.nl/wp-content/uploads/2015/02/04-Memory-Interleaving-Region.png,04-Memory-Interleaving-Region.png
http://frankdenneman.nl/wp-content/uploads/2015/02/05-Memory-Interleaving-two-regions.png,05-Memory-Interleaving-two-regions.png
http://frankdenneman.nl/wp-content/uploads/2015/02/05-Read-Throughput-scalability-populating-channels.png,05-Read-Throughput-scalability-populating-channels.png
http://frankdenneman.nl/wp-content/uploads/2015/02/07-Memory-Interleaving-two-regions-384-GB.png,07-Memory-Interleaving-two-regions-384-GB.png
http://frankdenneman.nl/wp-content/uploads/2015/02/08-Memory-Interleaving-3-DPC-384-GB.png,08-Memory-Interleaving-3-DPC-384-GB.png
http://frankdenneman.nl/wp-content/uploads/2015/02/part-5-DDR3-LRDIMM.png,part-5-DDR3-LRDIMM.png
http://frankdenneman.nl/wp-content/uploads/2015/02/part-5-DDR4-LRDIMM.png,part-5-DDR4-LRDIMM.png
http://frankdenneman.nl/wp-content/uploads/2015/02/Part-5-DDR4-UpDown-Pins.png,Part-5-DDR4-UpDown-Pins.png
http://frankdenneman.nl/wp-content/uploads/2015/02/part-6-intel-xeon-e5-v3-sku-stack.jpg,part-6-intel-xeon-e5-v3-sku-stack.jpg
http://frankdenneman.nl/wp-content/uploads/2015/02/Part5-anandtech-test.png,Part5-anandtech-test.png
http://frankdenneman.nl/wp-content/uploads/2015/02/Part5-LRDIMM-bandwidth-Xeon-Generations.png,Part5-LRDIMM-bandwidth-Xeon-Generations.png
http://frankdenneman.nl/wp-content/uploads/2015/02/Part5-registered-dimm.png,Part5-registered-dimm.png
http://frankdenneman.nl/wp-content/uploads/2015/02/Part6-1-unbalanced-NUMA-nodes.png,Part6-1-unbalanced-NUMA-nodes.png
http://frankdenneman.nl/wp-content/uploads/2015/02/Part6-2-unbalanced-DPC-regions.png,Part6-2-unbalanced-DPC-regions.png
http://frankdenneman.nl/wp-content/uploads/2015/02/Part6-3-3DPC-bandwidth-reduction.png,Part6-3-3DPC-bandwidth-reduction.png
http://frankdenneman.nl/wp-content/uploads/2015/02/Part6-CPU-and-RAM-speeds.jpg,Part6-CPU-and-RAM-speeds.jpg
http://frankdenneman.nl/wp-content/uploads/2015/02/Part6-CPU-Speed-improvements.png,Part6-CPU-Speed-improvements.png
http://frankdenneman.nl/wp-content/uploads/2015/02/TPS-Management-settings.png,TPS-Management-settings.png
http://frankdenneman.nl/wp-content/uploads/2015/03/01-two-host-architecture.png,01-two-host-architecture.png
http://frankdenneman.nl/wp-content/uploads/2015/03/02-six-host-architecture.png,02-six-host-architecture.png
http://frankdenneman.nl/wp-content/uploads/2015/03/Part-2-01-core-edge-switch.png,Part-2-01-core-edge-switch.png
http://frankdenneman.nl/wp-content/uploads/2015/03/Part-7-01-Intel-Xeon-26xx-v3-CPU-and-memory-layout.png,Part-7-01-Intel-Xeon-26xx-v3-CPU-and-memory-layout.png
http://frankdenneman.nl/wp-content/uploads/2015/03/Part-7-04-Ranking-Configuration.png,Part-7-04-Ranking-Configuration.png
http://frankdenneman.nl/wp-content/uploads/2015/03/Part-7-2-Quad-Channel-memory-mode.png,Part-7-2-Quad-Channel-memory-mode.png
http://frankdenneman.nl/wp-content/uploads/2015/03/Part-7-3-Unbalanced-Channel-mode-configuration.png,Part-7-3-Unbalanced-Channel-mode-configuration.png
http://frankdenneman.nl/wp-content/uploads/2015/03/Part3-01-Load-balancing-algorithms-v2.png,Part3-01-Load-balancing-algorithms-v2.png
http://frankdenneman.nl/wp-content/uploads/2015/03/Screen-Shot-2015-03-24-at-16.51.59.png,Screen-Shot-2015-03-24-at-16.51.59.png
http://frankdenneman.nl/wp-content/uploads/2015/04/disney-magic-bands.jpg,disney-magic-bands.jpg
http://frankdenneman.nl/wp-content/uploads/2015/04/fig2.png,fig2.png
http://frankdenneman.nl/wp-content/uploads/2015/04/nested.png,nested.png
http://frankdenneman.nl/wp-content/uploads/2015/04/part-6.png,part-6.png
http://frankdenneman.nl/wp-content/uploads/2015/04/Screen-Shot-2015-04-23-at-13.58.38.png,Screen-Shot-2015-04-23-at-13.58.38.png
http://frankdenneman.nl/wp-content/uploads/2015/05/Grayed-out-VMtools-options.png,Grayed-out-VMtools-options.png
http://frankdenneman.nl/wp-content/uploads/2015/05/Management-cluster-version.png,Management-cluster-version.png
http://frankdenneman.nl/wp-content/uploads/2015/05/VMware-Tools-is-out-of-data-on-this-virtual-machine-while-summary-states-Current.png,VMware-Tools-is-out-of-data-on-this-virtual-machine-while-summary-states-Current.png
http://frankdenneman.nl/wp-content/uploads/2015/05/Workload-cluster-version.png,Workload-cluster-version.png
http://frankdenneman.nl/wp-content/uploads/2015/06/2015-05-20-15.37.39.jpg,2015-05-20-15.37.39.jpg
http://frankdenneman.nl/wp-content/uploads/2015/06/2015-05-20-16.06.40.jpg,2015-05-20-16.06.40.jpg
http://frankdenneman.nl/wp-content/uploads/2015/06/HomeDC-1-EVC-mode.png,HomeDC-1-EVC-mode.png
http://frankdenneman.nl/wp-content/uploads/2015/06/HomeDC-2-Noctua-Netgear.jpg,HomeDC-2-Noctua-Netgear.jpg
http://frankdenneman.nl/wp-content/uploads/2015/06/HomeDC-3-Cisco.jpg,HomeDC-3-Cisco.jpg
http://frankdenneman.nl/wp-content/uploads/2015/12/01-Number-of-CPU-sockets-in-ESXi-Host.png,01-Number-of-CPU-sockets-in-ESXi-Host.png
http://frankdenneman.nl/wp-content/uploads/2015/12/02-Total-number-of-CPU-Cores-in-ESXi-hosts-.png,02-Total-number-of-CPU-Cores-in-ESXi-hosts-.png
http://frankdenneman.nl/wp-content/uploads/2015/12/03-Number-of-cores-per-CPU-in-dual-CPU-socket-ESXi-hosts-.png,03-Number-of-cores-per-CPU-in-dual-CPU-socket-ESXi-hosts-.png
http://frankdenneman.nl/wp-content/uploads/2015/12/04-Number-of-cores-per-CPU-in-quad-CPU-socket-ESXi-hosts-.png,04-Number-of-cores-per-CPU-in-quad-CPU-socket-ESXi-hosts-.png
http://frankdenneman.nl/wp-content/uploads/2015/12/05-Memory-configuration-dual-socket-ESXi-hosts.png,05-Memory-configuration-dual-socket-ESXi-hosts.png
http://frankdenneman.nl/wp-content/uploads/2015/12/06-Memory-in-GB-in-dual-socket-8-core-server.png,06-Memory-in-GB-in-dual-socket-8-core-server.png
http://frankdenneman.nl/wp-content/uploads/2015/12/07-Memory-configurations-quad-CPU-socket-ESXu-hosts.png,07-Memory-configurations-quad-CPU-socket-ESXu-hosts.png
http://frankdenneman.nl/wp-content/uploads/2015/12/08-ESXi-versions.png,08-ESXi-versions.png
http://frankdenneman.nl/wp-content/uploads/2016/02/01.png,01.png
http://frankdenneman.nl/wp-content/uploads/2016/02/02.png,02.png
http://frankdenneman.nl/wp-content/uploads/2016/02/03.png,03.png
http://frankdenneman.nl/wp-content/uploads/2016/02/04.png,04.png
http://frankdenneman.nl/wp-content/uploads/2016/02/05.png,05.png
http://frankdenneman.nl/wp-content/uploads/2016/02/06.png,06.png
http://frankdenneman.nl/wp-content/uploads/2016/02/07.png,07.png
http://frankdenneman.nl/wp-content/uploads/2016/02/08.png,08.png
http://frankdenneman.nl/wp-content/uploads/2016/02/09.png,09.png
http://frankdenneman.nl/wp-content/uploads/2016/02/10.png,10.png
http://frankdenneman.nl/wp-content/uploads/2016/03/00-DVDStore-architecture.png,00-DVDStore-architecture.png
http://frankdenneman.nl/wp-content/uploads/2016/03/01-Ds21-directory-structure.png,01-Ds21-directory-structure.png
http://frankdenneman.nl/wp-content/uploads/2016/03/02-Install_DVDStore.png,02-Install_DVDStore.png
http://frankdenneman.nl/wp-content/uploads/2016/03/03-SQLScript.png,03-SQLScript.png
http://frankdenneman.nl/wp-content/uploads/2016/03/04-SQLscript-Gender-VARCHAR.png,04-SQLscript-Gender-VARCHAR.png
http://frankdenneman.nl/wp-content/uploads/2016/03/05-Diskspace.png,05-Diskspace.png
http://frankdenneman.nl/wp-content/uploads/2016/03/06-Agent-XP-error.png,06-Agent-XP-error.png
http://frankdenneman.nl/wp-content/uploads/2016/03/07-ds2sqlserverdriver.png,07-ds2sqlserverdriver.png
http://frankdenneman.nl/wp-content/uploads/2016/03/08-Running-script.png,08-Running-script.png
http://frankdenneman.nl/wp-content/uploads/2016/03/Global-Permissions-1.png,Global-Permissions-1.png
http://frankdenneman.nl/wp-content/uploads/2016/03/Global-Permissions-2.png,Global-Permissions-2.png
http://frankdenneman.nl/wp-content/uploads/2016/03/Inventory-money-shot.png,Inventory-money-shot.png
http://frankdenneman.nl/wp-content/uploads/2016/03/VCSA-error.png,VCSA-error.png
http://frankdenneman.nl/wp-content/uploads/2016/04/01-iTerm2.png,01-iTerm2.png
http://frankdenneman.nl/wp-content/uploads/2016/04/02-iTerm2.png,02-iTerm2.png
http://frankdenneman.nl/wp-content/uploads/2016/04/03-Royal-TSX.png,03-Royal-TSX.png
http://frankdenneman.nl/wp-content/uploads/2016/04/04-Royal-TSX.png,04-Royal-TSX.png
http://frankdenneman.nl/wp-content/uploads/2016/04/05-Royal-TSX.png,05-Royal-TSX.png
http://frankdenneman.nl/wp-content/uploads/2016/04/06-Royal-TSX.png,06-Royal-TSX.png
http://frankdenneman.nl/wp-content/uploads/2016/04/07-Cyberduck.png,07-Cyberduck.png
http://frankdenneman.nl/wp-content/uploads/2016/04/08-Embedded-ESXi-webfling.png,08-Embedded-ESXi-webfling.png
http://frankdenneman.nl/wp-content/uploads/2016/04/09-HMTL5-client.png,09-HMTL5-client.png
http://frankdenneman.nl/wp-content/uploads/2016/04/Time-out-ESXI-embedded-client.png,Time-out-ESXI-embedded-client.png
http://frankdenneman.nl/wp-content/uploads/2016/05/01-ntpq-p-connection-refused.png,01-ntpq-p-connection-refused.png
http://frankdenneman.nl/wp-content/uploads/2016/05/01-VCSA-network-is-unreachable.png,01-VCSA-network-is-unreachable.png
http://frankdenneman.nl/wp-content/uploads/2016/05/02-ntpq-p-feedback.png,02-ntpq-p-feedback.png
http://frankdenneman.nl/wp-content/uploads/2016/05/02-VCSA-service-network-restart.png,02-VCSA-service-network-restart.png
http://frankdenneman.nl/wp-content/uploads/2016/05/03-VCSA-vami_config_net.png,03-VCSA-vami_config_net.png
http://frankdenneman.nl/wp-content/uploads/2016/05/03.NTPD-status.png,03.NTPD-status.png
http://frankdenneman.nl/wp-content/uploads/2016/05/04-VCSA-IP_address-Alloc_for_Eth1.png,04-VCSA-IP_address-Alloc_for_Eth1.png
http://frankdenneman.nl/wp-content/uploads/2016/05/04.syslog.log-output.png,04.syslog.log-output.png
http://frankdenneman.nl/wp-content/uploads/2016/05/05-NTP-client-disabled.png,05-NTP-client-disabled.png
http://frankdenneman.nl/wp-content/uploads/2016/05/05-VCSA-ifcfg-eth0-results.png,05-VCSA-ifcfg-eth0-results.png
http://frankdenneman.nl/wp-content/uploads/2016/05/06-VCSA-70-persistent-net_rules.png,06-VCSA-70-persistent-net_rules.png
http://frankdenneman.nl/wp-content/uploads/2016/05/07-VCSA-VM-network-configuration.png,07-VCSA-VM-network-configuration.png
http://frankdenneman.nl/wp-content/uploads/2016/05/08-VCSA-rename-udev-file.png,08-VCSA-rename-udev-file.png
http://frankdenneman.nl/wp-content/uploads/2016/05/09-VCSA-clean-udev-rule.png,09-VCSA-clean-udev-rule.png
http://frankdenneman.nl/wp-content/uploads/2016/05/10-VCSA-configure-management-network.png,10-VCSA-configure-management-network.png
http://frankdenneman.nl/wp-content/uploads/2016/05/11-VCSA-weblogin.png,11-VCSA-weblogin.png
http://frankdenneman.nl/wp-content/uploads/2016/05/Edimax_SP2101W.jpg,Edimax_SP2101W.jpg
http://frankdenneman.nl/wp-content/uploads/2016/05/IMG_0469.png,IMG_0469.png
http://frankdenneman.nl/wp-content/uploads/2016/05/IMG_0470.png,IMG_0470.png
http://frankdenneman.nl/wp-content/uploads/2016/05/IMG_0471.png,IMG_0471.png
http://frankdenneman.nl/wp-content/uploads/2016/05/IMG_0472.png,IMG_0472.png
http://frankdenneman.nl/wp-content/uploads/2016/05/IMG_0473.png,IMG_0473.png
http://frankdenneman.nl/wp-content/uploads/2016/05/Noisy-Neighbor.png,Noisy-Neighbor.png
http://frankdenneman.nl/wp-content/uploads/2016/06/01-VMware-vCenter-Server-6.0-Update-2-Release-Notes.png,01-VMware-vCenter-Server-6.0-Update-2-Release-Notes.png
http://frankdenneman.nl/wp-content/uploads/2016/06/02-date-esxi-command-line.png,02-date-esxi-command-line.png
http://frankdenneman.nl/wp-content/uploads/2016/06/03-Noctua_Dual_Socket_configuration.jpg,03-Noctua_Dual_Socket_configuration.jpg
http://frankdenneman.nl/wp-content/uploads/2016/06/03-Webclient-NTP.png,03-Webclient-NTP.png
http://frankdenneman.nl/wp-content/uploads/2016/06/04-Insert-esxcli-screenshot.png,04-Insert-esxcli-screenshot.png
http://frankdenneman.nl/wp-content/uploads/2016/06/05-Narrow_ILM-vs-Square_ILM.jpg,05-Narrow_ILM-vs-Square_ILM.jpg
http://frankdenneman.nl/wp-content/uploads/2016/06/06-Engineering_sample.jpg,06-Engineering_sample.jpg
http://frankdenneman.nl/wp-content/uploads/2016/06/07-Memory_posted_by_BIOS.jpg,07-Memory_posted_by_BIOS.jpg
http://frankdenneman.nl/wp-content/uploads/2016/06/8-pins-dual-socket-cpu.jpg,8-pins-dual-socket-cpu.jpg
http://frankdenneman.nl/wp-content/uploads/2016/06/Missing_Grommets.jpg,Missing_Grommets.jpg
http://frankdenneman.nl/wp-content/uploads/2016/06/RM550-FAN-NOISE.png,RM550-FAN-NOISE.png
http://frankdenneman.nl/wp-content/uploads/2016/06/Room.jpg,Room.jpg
http://frankdenneman.nl/wp-content/uploads/2016/06/unless-its-a-time-sync-issue-750.png,unless-its-a-time-sync-issue-750.png
http://frankdenneman.nl/wp-content/uploads/2016/07/02-01-System_Bus.png,02-01-System_Bus.png
http://frankdenneman.nl/wp-content/uploads/2016/07/02-02-UMA-Architecture.png,02-02-UMA-Architecture.png
http://frankdenneman.nl/wp-content/uploads/2016/07/02-03-NUMA_Local_and_Remote_Access.png,02-03-NUMA_Local_and_Remote_Access.png
http://frankdenneman.nl/wp-content/uploads/2016/07/02-04-QPI-Architecture.png,02-04-QPI-Architecture.png
http://frankdenneman.nl/wp-content/uploads/2016/07/02-05-Broadwell_Low_Core_Count.png,02-05-Broadwell_Low_Core_Count.png
http://frankdenneman.nl/wp-content/uploads/2016/07/02-05-SUMA_Physical.png,02-05-SUMA_Physical.png
http://frankdenneman.nl/wp-content/uploads/2016/07/02-06-NUMA_vs_SUMA_IMLC_test_results.png,02-06-NUMA_vs_SUMA_IMLC_test_results.png
http://frankdenneman.nl/wp-content/uploads/2016/07/03-01-System_socket_die_core_HT.svg,03-01-System_socket_die_core_HT.svg
http://frankdenneman.nl/wp-content/uploads/2016/07/03-02-NUMA_VM_local_acces_remote_access.svg,03-02-NUMA_VM_local_acces_remote_access.svg
http://frankdenneman.nl/wp-content/uploads/2016/07/03-03-ESXTOP_NUMA_OUTPUT.png,03-03-ESXTOP_NUMA_OUTPUT.png
http://frankdenneman.nl/wp-content/uploads/2016/07/03-04-CoreInfo_output.png,03-04-CoreInfo_output.png
http://frankdenneman.nl/wp-content/uploads/2016/07/03-05-Broadwell_HCC_Architecture.svg,03-05-Broadwell_HCC_Architecture.svg
http://frankdenneman.nl/wp-content/uploads/2016/07/03-06-Xeon-v4-SKU.jpg,03-06-Xeon-v4-SKU.jpg
http://frankdenneman.nl/wp-content/uploads/2016/07/03-07-QPI_Theoretical_vs_Actual_Remote_Bandwidth.png,03-07-QPI_Theoretical_vs_Actual_Remote_Bandwidth.png
http://frankdenneman.nl/wp-content/uploads/2016/07/04-02-Snoop_mode_characteristics.png,04-02-Snoop_mode_characteristics.png
http://frankdenneman.nl/wp-content/uploads/2016/07/04-03-Cluster-On-Die_HCC.svg,04-03-Cluster-On-Die_HCC.svg
http://frankdenneman.nl/wp-content/uploads/2016/07/04-04-512GB-NUMA-ESXTOP.jpg,04-04-512GB-NUMA-ESXTOP.jpg
http://frankdenneman.nl/wp-content/uploads/2016/07/04-05-512GB-NUMA-COD-ESXTOP.jpg,04-05-512GB-NUMA-COD-ESXTOP.jpg
http://frankdenneman.nl/wp-content/uploads/2016/07/05-01-Memory_Channels.svg,05-01-Memory_Channels.svg
http://frankdenneman.nl/wp-content/uploads/2016/07/05-02-Memory_Channel_Region_0.svg,05-02-Memory_Channel_Region_0.svg
http://frankdenneman.nl/wp-content/uploads/2016/07/05-03-Unbalanced-NUMA.svg,05-03-Unbalanced-NUMA.svg
http://frankdenneman.nl/wp-content/uploads/2016/07/05-04-Unbalanced_Region_and_DPC.svg,05-04-Unbalanced_Region_and_DPC.svg
http://frankdenneman.nl/wp-content/uploads/2016/07/05-05_DPC_Bandwidth_Impact.svg,05-05_DPC_Bandwidth_Impact.svg
http://frankdenneman.nl/wp-content/uploads/2016/07/05-06-Mixed_DIMMS_2DPC.svg,05-06-Mixed_DIMMS_2DPC.svg
http://frankdenneman.nl/wp-content/uploads/2016/07/05-07-Homogeneous_DIMMS_2DPC_High_BW.svg,05-07-Homogeneous_DIMMS_2DPC_High_BW.svg
http://frankdenneman.nl/wp-content/uploads/2016/08/05-01-VMkernel_CPU_elements.svg,05-01-VMkernel_CPU_elements.svg
http://frankdenneman.nl/wp-content/uploads/2016/08/05-02-ESXi_VMkernel_NUMA_constructs.svg,05-02-ESXi_VMkernel_NUMA_constructs.svg
http://frankdenneman.nl/wp-content/uploads/2016/08/05-05-Wide_VM.svg,05-05-Wide_VM.svg
http://frankdenneman.nl/wp-content/uploads/2016/08/05-06-Spanning_2_VPDs_across_4_PPDs.svg,05-06-Spanning_2_VPDs_across_4_PPDs.svg
http://frankdenneman.nl/wp-content/uploads/2016/08/05-07-Default-12vCPU-10core.png,05-07-Default-12vCPU-10core.png
http://frankdenneman.nl/wp-content/uploads/2016/08/05-08-ESXtop_12_vcpu_10_cores.png,05-08-ESXtop_12_vcpu_10_cores.png
http://frankdenneman.nl/wp-content/uploads/2016/08/05-09-CoreInfo_12_vCPUs_10_Cores.png,05-09-CoreInfo_12_vCPUs_10_Cores.png
http://frankdenneman.nl/wp-content/uploads/2016/08/05-10-10vCPU_12pCPU.png,05-10-10vCPU_12pCPU.png
http://frankdenneman.nl/wp-content/uploads/2016/08/05-11-ESXTOP-10vCPU-10PCU.png,05-11-ESXTOP-10vCPU-10PCU.png
http://frankdenneman.nl/wp-content/uploads/2016/08/05-12-cpuid.cores_.PerSocket.png,05-12-cpuid.cores_.PerSocket.png
http://frankdenneman.nl/wp-content/uploads/2016/08/05-13-2vPDs_10_vCPUs_10_Cores.png,05-13-2vPDs_10_vCPUs_10_Cores.png
http://frankdenneman.nl/wp-content/uploads/2016/08/05-14-CoreInfo_10_vCPUs_10_Cores.png,05-14-CoreInfo_10_vCPUs_10_Cores.png
http://frankdenneman.nl/wp-content/uploads/2016/08/05-15-CoreInfo-CorePerSocket-1.png,05-15-CoreInfo-CorePerSocket-1.png
http://frankdenneman.nl/wp-content/uploads/2016/08/05-16-Cores_Per_Socket.png,05-16-Cores_Per_Socket.png
http://frankdenneman.nl/wp-content/uploads/2016/08/05-17-numa_vcpu.preferht_true.png,05-17-numa_vcpu.preferht_true.png
http://frankdenneman.nl/wp-content/uploads/2016/08/05-18-PreferHT_Cores_Per_Socket.png,05-18-PreferHT_Cores_Per_Socket.png
http://frankdenneman.nl/wp-content/uploads/2016/08/05-19-One_cache_to_rule_them_all.png,05-19-One_cache_to_rule_them_all.png
http://frankdenneman.nl/wp-content/uploads/2016/08/05-20-Hot-Add-enabled.png,05-20-Hot-Add-enabled.png
http://frankdenneman.nl/wp-content/uploads/2016/08/05-21-CoreInfo_Hot_Add.png,05-21-CoreInfo_Hot_Add.png
http://frankdenneman.nl/wp-content/uploads/2016/08/05-22-ESXTOP_Hot_Add.png,05-22-ESXTOP_Hot_Add.png
http://frankdenneman.nl/wp-content/uploads/2016/09/Frank_Denneman_at_Geek_Whisperers.jpg,Frank_Denneman_at_Geek_Whisperers.jpg
http://frankdenneman.nl/wp-content/uploads/2016/10/AWSDCs_VMC_750.png,AWSDCs_VMC_750.png
http://frankdenneman.nl/wp-content/uploads/2016/10/elastic-DRS.png,elastic-DRS.png
http://frankdenneman.nl/wp-content/uploads/2016/10/VMware-AWS_750.png,VMware-AWS_750.png
http://frankdenneman.nl/wp-content/uploads/2016/11/NSX-agent-01.png,NSX-agent-01.png
http://frankdenneman.nl/wp-content/uploads/2016/11/NSX-agent-02.png,NSX-agent-02.png
http://frankdenneman.nl/wp-content/uploads/2016/11/NSXController-Distributed-Port-Group.png,NSXController-Distributed-Port-Group.png
http://frankdenneman.nl/wp-content/uploads/2016/12/01-vmdumper-10vCPU.png,01-vmdumper-10vCPU.png
http://frankdenneman.nl/wp-content/uploads/2016/12/02-CoreInfo.png,02-CoreInfo.png
http://frankdenneman.nl/wp-content/uploads/2016/12/03-vCPU-CoreInfo-1CPS.png,03-vCPU-CoreInfo-1CPS.png
http://frankdenneman.nl/wp-content/uploads/2016/12/04-vmdumper-16vCPU.png,04-vmdumper-16vCPU.png
http://frankdenneman.nl/wp-content/uploads/2016/12/05-Physical-Proximity-Domain.svg,05-Physical-Proximity-Domain.svg
http://frankdenneman.nl/wp-content/uploads/2016/12/06-16-vCPU-VM-VPD-PPD.svg,06-16-vCPU-VM-VPD-PPD.svg
http://frankdenneman.nl/wp-content/uploads/2016/12/07-40-vCPU-2VPDs-4PPDs-VM.svg,07-40-vCPU-2VPDs-4PPDs-VM.svg
http://frankdenneman.nl/wp-content/uploads/2016/12/08-13-16vCPU-2CPS.png,08-13-16vCPU-2CPS.png
http://frankdenneman.nl/wp-content/uploads/2016/12/09-8-socket-16-vCPU-VM-virtual-NUMA-Topology.svg,09-8-socket-16-vCPU-VM-virtual-NUMA-Topology.svg
http://frankdenneman.nl/wp-content/uploads/2016/12/10-8-socket-16-vCPU-virtual-and-physical-topology.svg,10-8-socket-16-vCPU-virtual-and-physical-topology.svg
http://frankdenneman.nl/wp-content/uploads/2016/12/11-16-ESXi6.0-2-CPS-CoreInfo.png,11-16-ESXi6.0-2-CPS-CoreInfo.png
http://frankdenneman.nl/wp-content/uploads/2016/12/12-17-ESXi6.5-2-CPS-CoreInfo.png,12-17-ESXi6.5-2-CPS-CoreInfo.png
http://frankdenneman.nl/wp-content/uploads/2016/12/13-8-socket-16-vCPU-VM-virtual-NUMA-Topology-ESXi-6.5.svg,13-8-socket-16-vCPU-VM-virtual-NUMA-Topology-ESXi-6.5.svg
http://frankdenneman.nl/wp-content/uploads/2016/12/14-ESXi-6.5-8-socket-16-vCPU-virtual-and-physical-topology.svg,14-ESXi-6.5-8-socket-16-vCPU-virtual-and-physical-topology.svg
http://frankdenneman.nl/wp-content/uploads/2016/12/15-ESXi6.5-2-CPS-TaskManager.png,15-ESXi6.5-2-CPS-TaskManager.png
http://frankdenneman.nl/wp-content/uploads/2016/12/16-ESXi6.5-2-CPS-CoreInfo.png,16-ESXi6.5-2-CPS-CoreInfo.png
http://frankdenneman.nl/wp-content/uploads/2016/12/17-Single-Socket-Cache-Constructs.png,17-Single-Socket-Cache-Constructs.png
http://frankdenneman.nl/wp-content/uploads/2017/02/HostDeepDiveCover.png,HostDeepDiveCover.png
http://frankdenneman.nl/wp-content/uploads/2017/04/01-Unload-ESXi-Host.png,01-Unload-ESXi-Host.png
http://frankdenneman.nl/wp-content/uploads/2017/04/02-8vCPU.png,02-8vCPU.png
http://frankdenneman.nl/wp-content/uploads/2017/04/03-VM-memstats.png,03-VM-memstats.png
http://frankdenneman.nl/wp-content/uploads/2017/04/04-8vCPU-hot-add.png,04-8vCPU-hot-add.png
http://frankdenneman.nl/wp-content/uploads/2017/04/05-vmdumper.png,05-vmdumper.png
http://frankdenneman.nl/wp-content/uploads/2017/04/06-8vCPU-hot-add-numa-client.png,06-8vCPU-hot-add-numa-client.png
http://frankdenneman.nl/wp-content/uploads/2017/04/07-Forcing-UMA.png,07-Forcing-UMA.png
http://frankdenneman.nl/wp-content/uploads/2017/04/08-12vCPU-vNUMA.png,08-12vCPU-vNUMA.png
http://frankdenneman.nl/wp-content/uploads/2017/04/09-Non-Uniform-Memory-Allocation.png,09-Non-Uniform-Memory-Allocation.png
http://frankdenneman.nl/wp-content/uploads/2017/04/10-UMA.png,10-UMA.png
http://frankdenneman.nl/wp-content/uploads/2017/04/vNUMA-to-Physical-mapping-1.png,vNUMA-to-Physical-mapping-1.png
http://frankdenneman.nl/wp-content/uploads/2017/07/BestPicture.jpg,BestPicture.jpg
http://frankdenneman.nl/wp-content/uploads/2017/07/HRDD-transparent.png,HRDD-transparent.png
http://frankdenneman.nl/wp-content/uploads/2017/07/HRDD-white.png,HRDD-white.png
http://frankdenneman.nl/wp-content/uploads/2017/07/VMC-Resize-Cluster.png,VMC-Resize-Cluster.png
http://frankdenneman.nl/wp-content/uploads/2017/08/SpanningAZ.png,SpanningAZ.png
http://frankdenneman.nl/wp-content/uploads/2017/08/vmc-aws_fig1.jpg,vmc-aws_fig1.jpg
http://frankdenneman.nl/wp-content/uploads/2017/08/vmc-aws_fig2.jpg,vmc-aws_fig2.jpg
http://frankdenneman.nl/wp-content/uploads/2017/08/vmc-aws_fig4.jpg,vmc-aws_fig4.jpg
http://frankdenneman.nl/wp-content/uploads/2017/08/VMC-RP-720P.png,VMC-RP-720P.png
http://frankdenneman.nl/wp-content/uploads/2017/09/Intel-Xeon-Scalable-Fabric-v-No-Fabric.jpg,Intel-Xeon-Scalable-Fabric-v-No-Fabric.jpg
http://frankdenneman.nl/wp-content/uploads/2017/10/01-DIMMs-Per-Channel-Configuration.svg,01-DIMMs-Per-Channel-Configuration.svg
http://frankdenneman.nl/wp-content/uploads/2017/10/01-Physical-NUMA-Node.svg,01-Physical-NUMA-Node.svg
http://frankdenneman.nl/wp-content/uploads/2017/10/02-Intel-Xeon-Scalable-Memory-Subsystem-vs-E5-2600v4.svg,02-Intel-Xeon-Scalable-Memory-Subsystem-vs-E5-2600v4.svg
http://frankdenneman.nl/wp-content/uploads/2017/10/02-VM-Configuration.svg,02-VM-Configuration.svg
http://frankdenneman.nl/wp-content/uploads/2017/10/03-Local-and-Remote-Memory-Consumption.png,03-Local-and-Remote-Memory-Consumption.png
http://frankdenneman.nl/wp-content/uploads/2017/10/04-consolidate-is-false.svg,04-consolidate-is-false.svg
http://frankdenneman.nl/wp-content/uploads/2017/10/05-Two-Load-Balancing-Domains.png,05-Two-Load-Balancing-Domains.png
http://frankdenneman.nl/wp-content/uploads/2018/01/01-DRS-Memory-Metric-for-Load-Balancing.png,01-DRS-Memory-Metric-for-Load-Balancing.png
http://frankdenneman.nl/wp-content/uploads/2018/01/02-Active-Consumed-Configured.svg,02-Active-Consumed-Configured.svg
http://frankdenneman.nl/wp-content/uploads/2018/01/03-IdleConsumedMemory.svg,03-IdleConsumedMemory.svg
http://frankdenneman.nl/wp-content/uploads/2018/01/04-MemoryMetricforLoadBalancingEnabled.svg,04-MemoryMetricforLoadBalancingEnabled.svg
http://frankdenneman.nl/wp-content/uploads/2018/01/05-active_consumed_memory.gif,05-active_consumed_memory.gif
http://frankdenneman.nl/wp-content/uploads/2018/01/06-Cluster-Balanced.png,06-Cluster-Balanced.png
http://frankdenneman.nl/wp-content/uploads/2018/01/07-Sum-of-Active-Memory-Utilization.png,07-Sum-of-Active-Memory-Utilization.png
http://frankdenneman.nl/wp-content/uploads/2018/01/08-Sum-of-Consumed-Memory-Utilization.png,08-Sum-of-Consumed-Memory-Utilization.png
http://frankdenneman.nl/wp-content/uploads/2018/01/09-Memory-Metric-for-Load-Balancing-Enabled.png,09-Memory-Metric-for-Load-Balancing-Enabled.png
http://frankdenneman.nl/wp-content/uploads/2018/04/9yXav.gif,9yXav.gif
http://frankdenneman.nl/wp-content/uploads/2018/05/01-Console-Cluster-View.png,01-Console-Cluster-View.png
http://frankdenneman.nl/wp-content/uploads/2018/05/02-Add-Host.png,02-Add-Host.png
http://frankdenneman.nl/wp-content/uploads/2018/05/03-Add-10-hosts.png,03-Add-10-hosts.png
http://frankdenneman.nl/wp-content/uploads/2018/05/04-Add-Cluster.png,04-Add-Cluster.png
http://frankdenneman.nl/wp-content/uploads/2018/05/Autoscaling_MultiAZ_s.png,Autoscaling_MultiAZ_s.png
http://frankdenneman.nl/wp-content/uploads/2018/05/DRS-Entitlement-01.png,DRS-Entitlement-01.png
http://frankdenneman.nl/wp-content/uploads/2018/05/DRS-Entitlement-02.png,DRS-Entitlement-02.png
http://frankdenneman.nl/wp-content/uploads/2018/05/DRS-Entitlement-03.png,DRS-Entitlement-03.png
http://frankdenneman.nl/wp-content/uploads/2018/05/DRS-Entitlement-04.png,DRS-Entitlement-04.png
http://frankdenneman.nl/wp-content/uploads/2018/05/DRS-Entitlement-05.png,DRS-Entitlement-05.png
http://frankdenneman.nl/wp-content/uploads/2018/05/DRS-Entitlement-06.png,DRS-Entitlement-06.png
http://frankdenneman.nl/wp-content/uploads/2018/05/Stretched-Cluster-vCenter-Server.png,Stretched-Cluster-vCenter-Server.png
http://frankdenneman.nl/wp-content/uploads/2018/05/Stretched-Clusters-Number-of-Hosts.png,Stretched-Clusters-Number-of-Hosts.png
http://frankdenneman.nl/wp-content/uploads/2018/06/10-Encrypted-vMotion-CPU-Overhead-on-the-Source-Host.png,10-Encrypted-vMotion-CPU-Overhead-on-the-Source-Host.png
http://frankdenneman.nl/wp-content/uploads/2018/06/11-Encrypted-vMotion-CPU-Overhead-on-the-Destination-Host.png,11-Encrypted-vMotion-CPU-Overhead-on-the-Destination-Host.png
http://frankdenneman.nl/wp-content/uploads/2018/06/12-VM-Options-Encrypted-vMotion.png,12-VM-Options-Encrypted-vMotion.png
http://frankdenneman.nl/wp-content/uploads/2018/06/EDRS-CPU-Thresholds-exceeded.svg,EDRS-CPU-Thresholds-exceeded.svg
http://frankdenneman.nl/wp-content/uploads/2018/06/EDRS-scale-out-operations.svg,EDRS-scale-out-operations.svg
http://frankdenneman.nl/wp-content/uploads/2018/06/EDRS-Thresholds.svg,EDRS-Thresholds.svg
http://frankdenneman.nl/wp-content/uploads/2018/07/114-Sibling-Rivalry-Between-VM-and-Resource-Pool.png,114-Sibling-Rivalry-Between-VM-and-Resource-Pool.png
http://frankdenneman.nl/wp-content/uploads/2018/07/115-First-Level-of-Resource-Distribution.png,115-First-Level-of-Resource-Distribution.png
http://frankdenneman.nl/wp-content/uploads/2018/07/116-Second-Level-of-Distribution.png,116-Second-Level-of-Distribution.png
http://frankdenneman.nl/wp-content/uploads/2018/07/117-Additional-Workload-Introduced-in-Resource-Pool-1.png,117-Additional-Workload-Introduced-in-Resource-Pool-1.png
http://frankdenneman.nl/wp-content/uploads/2018/07/118-Dynamic-Entitlement.png,118-Dynamic-Entitlement.png
http://frankdenneman.nl/wp-content/uploads/2018/07/119-Sibling-Rivalry-within-RP-with-Idle-and-Active-VMs.png,119-Sibling-Rivalry-within-RP-with-Idle-and-Active-VMs.png
http://frankdenneman.nl/wp-content/uploads/2018/07/Add-Host-VMC-Console.png,Add-Host-VMC-Console.png
http://frankdenneman.nl/wp-content/uploads/2018/07/Add-resources-VMC-Console.png,Add-resources-VMC-Console.png
http://frankdenneman.nl/wp-content/uploads/2018/07/Authors.jpg,Authors.jpg
http://frankdenneman.nl/wp-content/uploads/2018/07/Automated-Hardware-Remediation.png,Automated-Hardware-Remediation.png
http://frankdenneman.nl/wp-content/uploads/2018/07/Backside.jpg,Backside.jpg
http://frankdenneman.nl/wp-content/uploads/2018/07/Clustering-Diagram.jpg,Clustering-Diagram.jpg
http://frankdenneman.nl/wp-content/uploads/2018/07/Create-SDDC.png,Create-SDDC.png
http://frankdenneman.nl/wp-content/uploads/2018/07/DeepDiveStack.jpg,DeepDiveStack.jpg
http://frankdenneman.nl/wp-content/uploads/2018/07/EDRS-UI-01.png,EDRS-UI-01.png
http://frankdenneman.nl/wp-content/uploads/2018/07/EDRS-UI-02.png,EDRS-UI-02.png
http://frankdenneman.nl/wp-content/uploads/2018/07/EDRS-UI-03.png,EDRS-UI-03.png
http://frankdenneman.nl/wp-content/uploads/2018/07/Hotodog-NOT-Hotdog.jpg,Hotodog-NOT-Hotdog.jpg
http://frankdenneman.nl/wp-content/uploads/2018/07/Kube-QoS.png,Kube-QoS.png
http://frankdenneman.nl/wp-content/uploads/2018/07/Kubernetes-Sprawl.png,Kubernetes-Sprawl.png
http://frankdenneman.nl/wp-content/uploads/2018/07/KubernetesvSphere.png,KubernetesvSphere.png
http://frankdenneman.nl/wp-content/uploads/2018/07/Saas-Arch-2.png,Saas-Arch-2.png
http://frankdenneman.nl/wp-content/uploads/2018/07/SAAS-Arch.png,SAAS-Arch.png
http://frankdenneman.nl/wp-content/uploads/2018/07/vSphereResourceDeepDive-web.jpg,vSphereResourceDeepDive-web.jpg
http://frankdenneman.nl/wp-content/uploads/2018/07/waiting-list.jpg,waiting-list.jpg
http://frankdenneman.nl/wp-content/uploads/2018/07/Workloads.png,Workloads.png
http://frankdenneman.nl/wp-content/uploads/2018/09/Cloud-Native-Storage.png,Cloud-Native-Storage.png
http://frankdenneman.nl/wp-content/uploads/2018/09/Container-Consumption-Model.png,Container-Consumption-Model.png
http://frankdenneman.nl/wp-content/uploads/2018/09/Container-Management-Platform-Preferences.png,Container-Management-Platform-Preferences.png
http://frankdenneman.nl/wp-content/uploads/2018/09/Kubernetes101.png,Kubernetes101.png
http://frankdenneman.nl/wp-content/uploads/2018/09/PKS-Day2.png,PKS-Day2.png
http://frankdenneman.nl/wp-content/uploads/2018/09/Rise-of-the-Containers.png,Rise-of-the-Containers.png
http://frankdenneman.nl/wp-content/uploads/2018/09/Task-Struct.png,Task-Struct.png
http://frankdenneman.nl/wp-content/uploads/2018/09/VKE-Smart-Cluster.png,VKE-Smart-Cluster.png
http://frankdenneman.nl/wp-content/uploads/2018/09/VKE.png,VKE.png
http://frankdenneman.nl/wp-content/uploads/2018/11/01-Swap-Disabled.png,01-Swap-Disabled.png
http://frankdenneman.nl/wp-content/uploads/2018/11/02-Balloon-Driver-engaged.png,02-Balloon-Driver-engaged.png
http://frankdenneman.nl/wp-content/uploads/2018/11/03-Stats-Balloon.png,03-Stats-Balloon.png
http://frankdenneman.nl/wp-content/uploads/2018/11/04-Top-Output.png,04-Top-Output.png
http://frankdenneman.nl/wp-content/uploads/2018/11/05-OOM-Killer.png,05-OOM-Killer.png
http://frankdenneman.nl/wp-content/uploads/2018/11/Container-in-Linux.png,Container-in-Linux.png
http://frankdenneman.nl/wp-content/uploads/2018/11/QoS-Classes.svg,QoS-Classes.svg
https://frankdenneman.ai/wp-content/uploads/2020/01/01-PCIe-NUMA-Locality-GPU-Skylake-Schema-1.png,01-PCIe-NUMA-Locality-GPU-Skylake-Schema-1.png
https://frankdenneman.ai/wp-content/uploads/2020/01/04-PCIe-NUMA-Locality-GPU-FlowChart.png,04-PCIe-NUMA-Locality-GPU-FlowChart.png
https://frankdenneman.ai/wp-content/uploads/2020/02/Data-Parallelism.png,Data-Parallelism.png
https://frankdenneman.ai/wp-content/uploads/2020/02/GPU-CPU-GPU-Communication.png,GPU-CPU-GPU-Communication.png
https://frankdenneman.ai/wp-content/uploads/2020/02/Model-Parallelism.png,Model-Parallelism.png
https://frankdenneman.ai/wp-content/uploads/2020/03/ContainerRuntimeforESXi-1.png,ContainerRuntimeforESXi-1.png
https://frankdenneman.ai/wp-content/uploads/2020/03/CUDA.svg,CUDA.svg
https://frankdenneman.ai/wp-content/uploads/2020/03/Deep-Learning-Development-Cycle.svg,Deep-Learning-Development-Cycle.svg
https://frankdenneman.ai/wp-content/uploads/2020/03/DL-Framework-Stack-1.svg,DL-Framework-Stack-1.svg
https://frankdenneman.ai/wp-content/uploads/2020/03/DRS-Pacific-Integration-vSphere-Pod.png,DRS-Pacific-Integration-vSphere-Pod.png
https://frankdenneman.ai/wp-content/uploads/2020/03/Kubernetes-Initial-Placement.png,Kubernetes-Initial-Placement.png
https://frankdenneman.ai/wp-content/uploads/2020/03/Kubernetes-QoS-Classes-Overview.svg,Kubernetes-QoS-Classes-Overview.svg
https://frankdenneman.ai/wp-content/uploads/2020/03/Pod-manifest-resources.svg,Pod-manifest-resources.svg
https://frankdenneman.ai/wp-content/uploads/2020/03/Resource-Allocation-Setting-Impact-vSphere-Pod-Size.svg,Resource-Allocation-Setting-Impact-vSphere-Pod-Size.svg
https://frankdenneman.ai/wp-content/uploads/2020/03/vSphere-GPGPU-options.svg,vSphere-GPGPU-options.svg
https://frankdenneman.ai/wp-content/uploads/2020/03/vSphere-Initial-Placement.svg,vSphere-Initial-Placement.svg
https://frankdenneman.ai/wp-content/uploads/2020/03/vSphere-with-Kubernetes-Initial-Placement.svg,vSphere-with-Kubernetes-Initial-Placement.svg
https://frankdenneman.ai/wp-content/uploads/2020/04/Cormac-ns-cassandra-node-summary.png,Cormac-ns-cassandra-node-summary.png
https://frankdenneman.ai/wp-content/uploads/2020/04/Cormac-ns-cassandra-node-YAML.png,Cormac-ns-cassandra-node-YAML.png
https://frankdenneman.ai/wp-content/uploads/2020/04/Cormac-ns-summary.png,Cormac-ns-summary.png
https://frankdenneman.ai/wp-content/uploads/2020/04/Expandable-Reservation.png,Expandable-Reservation.png
https://frankdenneman.ai/wp-content/uploads/2020/04/Namespaces-RP-Root-view-memory.png,Namespaces-RP-Root-view-memory.png
https://frankdenneman.ai/wp-content/uploads/2020/04/parent-child-domain.svg,parent-child-domain.svg
https://frankdenneman.ai/wp-content/uploads/2020/04/Resource-Allocation-Setting-Impact-vSphere-Pod-Memory-Size.svg,Resource-Allocation-Setting-Impact-vSphere-Pod-Memory-Size.svg
https://frankdenneman.ai/wp-content/uploads/2020/04/Supervisor-Namespace-Objects-Limits.png,Supervisor-Namespace-Objects-Limits.png
https://frankdenneman.ai/wp-content/uploads/2020/04/Supervisor-Namespace-Overview.png,Supervisor-Namespace-Overview.png
https://frankdenneman.ai/wp-content/uploads/2020/04/Supervisor-Namespace-Relative-priority-dilution.png,Supervisor-Namespace-Relative-priority-dilution.png
https://frankdenneman.ai/wp-content/uploads/2020/04/Supervisor-Namespace-Resource-Limits.png,Supervisor-Namespace-Resource-Limits.png
https://frankdenneman.ai/wp-content/uploads/2020/04/Supervisor-Namespace.svg,Supervisor-Namespace.svg
https://frankdenneman.ai/wp-content/uploads/2020/05/01-ShareRatio.svg,01-ShareRatio.svg
https://frankdenneman.ai/wp-content/uploads/2020/05/02-VM-entitlement-pre-Scalable-Shares.svg,02-VM-entitlement-pre-Scalable-Shares.svg
https://frankdenneman.ai/wp-content/uploads/2020/05/03-Enable-Scalable-Shares-at-Cluster-Level.png,03-Enable-Scalable-Shares-at-Cluster-Level.png
https://frankdenneman.ai/wp-content/uploads/2020/05/04-Enable-Scalable-Shares-at-Resource-Pool-Level.png,04-Enable-Scalable-Shares-at-Resource-Pool-Level.png
https://frankdenneman.ai/wp-content/uploads/2020/05/05-HighShares-RP-Settings-with-Scalable-Shares-Enabled.png,05-HighShares-RP-Settings-with-Scalable-Shares-Enabled.png
https://frankdenneman.ai/wp-content/uploads/2020/05/06-ESXi01-Local-Tree-HighShares.png,06-ESXi01-Local-Tree-HighShares.png
https://frankdenneman.ai/wp-content/uploads/2020/05/07-ESXi02-Local-Tree-NormalShares.png,07-ESXi02-Local-Tree-NormalShares.png
https://frankdenneman.ai/wp-content/uploads/2020/05/08-HighShares-Scalable_Shares-enabled.png,08-HighShares-Scalable_Shares-enabled.png
https://frankdenneman.ai/wp-content/uploads/2020/05/09-VM-entitlement-Scalable-Shares-.svg,09-VM-entitlement-Scalable-Shares-.svg
https://frankdenneman.ai/wp-content/uploads/2020/05/10-NormalShares-Scalable-Shares-enabled.png,10-NormalShares-Scalable-Shares-enabled.png
https://frankdenneman.ai/wp-content/uploads/2020/05/11-Ratio-established-Scalable-Shares.svg,11-Ratio-established-Scalable-Shares.svg
https://frankdenneman.ai/wp-content/uploads/2020/05/12-Sum-of-Shares-Low-Memory-Shares-RP.png,12-Sum-of-Shares-Low-Memory-Shares-RP.png
https://frankdenneman.ai/wp-content/uploads/2020/05/13-Adjusted-VM-share-value.png,13-Adjusted-VM-share-value.png
https://frankdenneman.ai/wp-content/uploads/2020/05/14-Adjusted-Shares-HighShare-RP.png,14-Adjusted-Shares-HighShare-RP.png
https://frankdenneman.ai/wp-content/uploads/2020/05/15-HighShares-II-Shares-Value.png,15-HighShares-II-Shares-Value.png
https://frankdenneman.ai/wp-content/uploads/2020/05/16-Cluster-Resource-Distribution.png,16-Cluster-Resource-Distribution.png
https://frankdenneman.ai/wp-content/uploads/2020/05/17-HighShares-LowShares-MOB-view.png,17-HighShares-LowShares-MOB-view.png
https://frankdenneman.ai/wp-content/uploads/2020/05/17-VM-and-RP-as-Sibling.png,17-VM-and-RP-as-Sibling.png
https://frankdenneman.ai/wp-content/uploads/2020/05/18-NormalShares-MOB-view.png,18-NormalShares-MOB-view.png
https://frankdenneman.ai/wp-content/uploads/2020/05/19-High-Normal-Low-RPs-1.svg,19-High-Normal-Low-RPs-1.svg
https://frankdenneman.ai/wp-content/uploads/2020/11/03-HAproxy-Setup.svg,03-HAproxy-Setup.svg
https://frankdenneman.ai/wp-content/uploads/2020/11/03-Step-6-Management-Network.png,03-Step-6-Management-Network.png
https://frankdenneman.ai/wp-content/uploads/2020/11/04-Step-7-Workload-Network-top-part.png,04-Step-7-Workload-Network-top-part.png
https://frankdenneman.ai/wp-content/uploads/2020/11/05-Step-7-Workload-Network-.png,05-Step-7-Workload-Network-.png
https://frankdenneman.ai/wp-content/uploads/2020/11/Namespace-network.png,Namespace-network.png
https://frankdenneman.ai/wp-content/uploads/2020/11/Step-3.1-HAProxy-svg.svg,Step-3.1-HAProxy-svg.svg
https://frankdenneman.ai/wp-content/uploads/2020/11/Step-5-mgmt-ip-adress.svg,Step-5-mgmt-ip-adress.svg
https://frankdenneman.ai/wp-content/uploads/2020/11/Step-5-virtual-ip-range-svg.svg,Step-5-virtual-ip-range-svg.svg
https://frankdenneman.ai/wp-content/uploads/2020/11/Step-5-Workload-Mgmt-HA-Proxy-MGMT-address.png,Step-5-Workload-Mgmt-HA-Proxy-MGMT-address.png
https://frankdenneman.ai/wp-content/uploads/2020/11/Step-6-supervisor-node-range.svg,Step-6-supervisor-node-range.svg
https://frankdenneman.ai/wp-content/uploads/2020/11/Step-7-Workload-Network-svg.svg,Step-7-Workload-Network-svg.svg
https://frankdenneman.ai/wp-content/uploads/2020/11/TanzuHAproxyVDS-Network-Layout-svg.svg,TanzuHAproxyVDS-Network-Layout-svg.svg
https://frankdenneman.ai/wp-content/uploads/2021/05/v1.10-Load-Balancing-.png,v1.10-Load-Balancing-.png
https://frankdenneman.ai/wp-content/uploads/2021/05/v1.10-Network-Config.png,v1.10-Network-Config.png
https://frankdenneman.ai/wp-content/uploads/2021/05/WM5loadbalancer.png,WM5loadbalancer.png
https://frankdenneman.ai/wp-content/uploads/2021/08/ML-Infrastructure.svg,ML-Infrastructure.svg
https://frankdenneman.ai/wp-content/uploads/2022/03/Guest-OS-Layer-Virtual-NUMA-mismatch-1.svg,Guest-OS-Layer-Virtual-NUMA-mismatch-1.svg
https://frankdenneman.ai/wp-content/uploads/2022/03/Guest-OS-Layer-Virtual-NUMA-Node-18-vCPU.svg,Guest-OS-Layer-Virtual-NUMA-Node-18-vCPU.svg
https://frankdenneman.ai/wp-content/uploads/2022/03/Guest-OS-Layer-Virtual-NUMA-Node.svg,Guest-OS-Layer-Virtual-NUMA-Node.svg
https://frankdenneman.ai/wp-content/uploads/2022/05/Horizontal-Fabrics-v2.svg,Horizontal-Fabrics-v2.svg
https://frankdenneman.ai/wp-content/uploads/2022/05/ML-model-engineering-lifecycle-1.svg,ML-model-engineering-lifecycle-1.svg
https://frankdenneman.ai/wp-content/uploads/2022/06/ML-Infrastructure-full.svg,ML-Infrastructure-full.svg
https://frankdenneman.ai/wp-content/uploads/2022/07/CNN-pipeline.svg,CNN-pipeline.svg
https://frankdenneman.ai/wp-content/uploads/2022/07/convoluition.svg,convoluition.svg
https://frankdenneman.ai/wp-content/uploads/2022/07/FP16-FP32-BFfloat16-TF32.svg,FP16-FP32-BFfloat16-TF32.svg
https://frankdenneman.ai/wp-content/uploads/2022/07/FP16-FP32-BFfloat16.svg,FP16-FP32-BFfloat16.svg
https://frankdenneman.ai/wp-content/uploads/2022/07/FP16-FP32-FP64-v2.svg,FP16-FP32-FP64-v2.svg
https://frankdenneman.ai/wp-content/uploads/2022/07/vgg-16-feature-maps-1.svg,vgg-16-feature-maps-1.svg
https://frankdenneman.ai/wp-content/uploads/2022/07/vgg-16-parameters-1.svg,vgg-16-parameters-1.svg
https://frankdenneman.ai/wp-content/uploads/2023/04/Host-To-Device-Copy-v2.svg,Host-To-Device-Copy-v2.svg
https://frankdenneman.ai/wp-content/uploads/2023/04/NVSwitch.svg,NVSwitch.svg
https://frankdenneman.ai/wp-content/uploads/2023/04/vSphere-ML-Accelerator-Spectrum-v2.svg,vSphere-ML-Accelerator-Spectrum-v2.svg
https://frankdenneman.ai/wp-content/uploads/2023/05/01-Vt-D-passthrough.svg,01-Vt-D-passthrough.svg
https://frankdenneman.ai/wp-content/uploads/2023/05/02-BIOS-VT-enabled.png,02-BIOS-VT-enabled.png
https://frankdenneman.ai/wp-content/uploads/2023/05/03-esxcfg-info.png,03-esxcfg-info.png
https://frankdenneman.ai/wp-content/uploads/2023/05/04-IOMMU-v2.svg,04-IOMMU-v2.svg
https://frankdenneman.ai/wp-content/uploads/2023/05/05-MMIO-Space-mapping.svg,05-MMIO-Space-mapping.svg
https://frankdenneman.ai/wp-content/uploads/2023/05/06-vsish-bar-1.png,06-vsish-bar-1.png
https://frankdenneman.ai/wp-content/uploads/2023/05/07-Bar1-Memory-Usage.png,07-Bar1-Memory-Usage.png
https://frankdenneman.ai/wp-content/uploads/2023/05/08-A100-40GB-BARs.svg,08-A100-40GB-BARs.svg
https://frankdenneman.ai/wp-content/uploads/2023/05/1-ML-model-development-lifecycle.svg,1-ML-model-development-lifecycle.svg
https://frankdenneman.ai/wp-content/uploads/2023/05/1-NVAIE-Supported-GPUs.svg,1-NVAIE-Supported-GPUs.svg
https://frankdenneman.ai/wp-content/uploads/2023/05/1.-NVAIE-stack.svg,1.-NVAIE-stack.svg
https://frankdenneman.ai/wp-content/uploads/2023/05/10-Bandwidth-Landscape-NVLink.svg,10-Bandwidth-Landscape-NVLink.svg
https://frankdenneman.ai/wp-content/uploads/2023/05/11-A100-HGX.jpeg,11-A100-HGX.jpeg
https://frankdenneman.ai/wp-content/uploads/2023/05/12-NVSwitch-v1.svg,12-NVSwitch-v1.svg
https://frankdenneman.ai/wp-content/uploads/2023/05/12-Without-MMIO.png,12-Without-MMIO.png
https://frankdenneman.ai/wp-content/uploads/2023/05/13-HGX-NVSwitch-Device-Group.png,13-HGX-NVSwitch-Device-Group.png
https://frankdenneman.ai/wp-content/uploads/2023/05/14-mlperf-results.png,14-mlperf-results.png
https://frankdenneman.ai/wp-content/uploads/2023/05/14-MMIO-128-GB-overhead.png,14-MMIO-128-GB-overhead.png
https://frankdenneman.ai/wp-content/uploads/2023/05/15-MMIO-512GB.png,15-MMIO-512GB.png
https://frankdenneman.ai/wp-content/uploads/2023/05/16-MMIO-512GB-overhead.png,16-MMIO-512GB-overhead.png
https://frankdenneman.ai/wp-content/uploads/2023/05/17-TKGs-GPU-enabled-worker-node-setting.png,17-TKGs-GPU-enabled-worker-node-setting.png
https://frankdenneman.ai/wp-content/uploads/2023/05/18-vCenter-vgpu.hotmigrate-enabled-setting.png,18-vCenter-vgpu.hotmigrate-enabled-setting.png
https://frankdenneman.ai/wp-content/uploads/2023/05/2-Neural-Network-Architecture-Parameter-Count-v2.svg,2-Neural-Network-Architecture-Parameter-Count-v2.svg
https://frankdenneman.ai/wp-content/uploads/2023/05/2-NVAIE-Supported-GPUs-NVLINK.svg,2-NVAIE-Supported-GPUs-NVLINK.svg
https://frankdenneman.ai/wp-content/uploads/2023/05/2-Qualified-Server-Catalog-.png,2-Qualified-Server-Catalog-.png
https://frankdenneman.ai/wp-content/uploads/2023/05/2-vSphere-ML-Accelerator-Spectrum-fractional-multi-gpu.svg,2-vSphere-ML-Accelerator-Spectrum-fractional-multi-gpu.svg
https://frankdenneman.ai/wp-content/uploads/2023/05/3-Contents-of-NVAIE-package.png,3-Contents-of-NVAIE-package.png
https://frankdenneman.ai/wp-content/uploads/2023/05/3-NVAIE-Supported-GPUs-Encoders.svg,3-NVAIE-Supported-GPUs-Encoders.svg
https://frankdenneman.ai/wp-content/uploads/2023/05/3-Training-Process-Single-GPU.svg,3-Training-Process-Single-GPU.svg
https://frankdenneman.ai/wp-content/uploads/2023/05/3-vSphere-ML-Accelerator-Spectrum-fractional-GPUs-in-detail.svg,3-vSphere-ML-Accelerator-Spectrum-fractional-GPUs-in-detail.svg
https://frankdenneman.ai/wp-content/uploads/2023/05/4-NVAIE-Supported-GPUs-Decoders.svg,4-NVAIE-Supported-GPUs-Decoders.svg
https://frankdenneman.ai/wp-content/uploads/2023/05/4-Software-Downloads.png,4-Software-Downloads.png
https://frankdenneman.ai/wp-content/uploads/2023/05/4-Training-Process-Multi-GPU.svg,4-Training-Process-Multi-GPU.svg
https://frankdenneman.ai/wp-content/uploads/2023/05/5-Distributed-Training-Node-setup.svg,5-Distributed-Training-Node-setup.svg
https://frankdenneman.ai/wp-content/uploads/2023/05/5-MIG-Architecture.svg,5-MIG-Architecture.svg
https://frankdenneman.ai/wp-content/uploads/2023/05/5-NVAIE-Magnun-io.svg,5-NVAIE-Magnun-io.svg
https://frankdenneman.ai/wp-content/uploads/2023/05/5-NVAIE-Supported-GPUs-Power-Consumption.svg,5-NVAIE-Supported-GPUs-Power-Consumption.svg
https://frankdenneman.ai/wp-content/uploads/2023/05/6-Example-Roofline-Model.png,6-Example-Roofline-Model.png
https://frankdenneman.ai/wp-content/uploads/2023/05/6-NVAIE-vGPU-Operator.svg,6-NVAIE-vGPU-Operator.svg
https://frankdenneman.ai/wp-content/uploads/2023/05/6-vSphere-ML-Accelerator-Spectrum-Full-Spectrum.svg,6-vSphere-ML-Accelerator-Spectrum-Full-Spectrum.svg
https://frankdenneman.ai/wp-content/uploads/2023/05/7-GPUDirect-RDMA.svg,7-GPUDirect-RDMA.svg
https://frankdenneman.ai/wp-content/uploads/2023/05/8-GPUDirectRDMA-NVLINK-Device-Groups.png,8-GPUDirectRDMA-NVLINK-Device-Groups.png
https://frankdenneman.ai/wp-content/uploads/2023/05/9-NVLINK-A100.png,9-NVLINK-A100.png
https://frankdenneman.ai/wp-content/uploads/2023/05/vSphere-ML-Accelerator-Spectrum-v2.svg,vSphere-ML-Accelerator-Spectrum-v2.svg
https://frankdenneman.ai/wp-content/uploads/2023/06/01-DirectPathIO.svg,01-DirectPathIO.svg
https://frankdenneman.ai/wp-content/uploads/2023/06/02-Dynamic-DirectPathIO-.svg,02-Dynamic-DirectPathIO-.svg
https://frankdenneman.ai/wp-content/uploads/2023/06/04-DRS-and-AH.svg,04-DRS-and-AH.svg
https://frankdenneman.ai/wp-content/uploads/2023/06/05-DPIO-vs-DDPIO-and-HAA-DRS.svg,05-DPIO-vs-DDPIO-and-HAA-DRS.svg
https://frankdenneman.ai/wp-content/uploads/2023/06/06-Default-GPU-Passthrough-Disabled.png,06-Default-GPU-Passthrough-Disabled.png
https://frankdenneman.ai/wp-content/uploads/2023/06/07-Graphics-Devices-Passthrough-Disabled.png,07-Graphics-Devices-Passthrough-Disabled.png
https://frankdenneman.ai/wp-content/uploads/2023/06/08-esxcli-graphics-device-list.png,08-esxcli-graphics-device-list.png
https://frankdenneman.ai/wp-content/uploads/2023/06/10-select-GPU-and-Toggle-Passthrough.png,10-select-GPU-and-Toggle-Passthrough.png
https://frankdenneman.ai/wp-content/uploads/2023/06/11-GPU-Passthrough-enabled.png,11-GPU-Passthrough-enabled.png
https://frankdenneman.ai/wp-content/uploads/2023/07/01-Install-ESXi-NVIDIA-AIE-1.svg,01-Install-ESXi-NVIDIA-AIE-1.svg
https://frankdenneman.ai/wp-content/uploads/2023/07/01-vCLM-Add-Components.png,01-vCLM-Add-Components.png
https://frankdenneman.ai/wp-content/uploads/2023/07/02-PCIe-Device-Default-Settings.png,02-PCIe-Device-Default-Settings.png
https://frankdenneman.ai/wp-content/uploads/2023/07/03-Graphics-Device-Default-Settings.png,03-Graphics-Device-Default-Settings.png
https://frankdenneman.ai/wp-content/uploads/2023/07/04-Create-License-Server.png,04-Create-License-Server.png
https://frankdenneman.ai/wp-content/uploads/2023/07/04-Shared-Direct-Graphics-Settings.png,04-Shared-Direct-Graphics-Settings.png
https://frankdenneman.ai/wp-content/uploads/2023/07/05-CLS-create-license-server-step-2.png,05-CLS-create-license-server-step-2.png
https://frankdenneman.ai/wp-content/uploads/2023/07/05-NVIDIA-Software-Downloads-Product-Family.png,05-NVIDIA-Software-Downloads-Product-Family.png
https://frankdenneman.ai/wp-content/uploads/2023/07/06-CLS-Create-License-Server-Preview-Server-Creation.png,06-CLS-Create-License-Server-Preview-Server-Creation.png
https://frankdenneman.ai/wp-content/uploads/2023/07/06-NVIDIA-Software-Downloads-Select-Platform.png,06-NVIDIA-Software-Downloads-Select-Platform.png
https://frankdenneman.ai/wp-content/uploads/2023/07/07-NVIDIA-License-Server-Unbound.png,07-NVIDIA-License-Server-Unbound.png
https://frankdenneman.ai/wp-content/uploads/2023/07/07-Software-Downloads-NVAIE-3.1-.png,07-Software-Downloads-NVAIE-3.1-.png
https://frankdenneman.ai/wp-content/uploads/2023/07/08-NVAIE-3.1-for-vSphere-8.png,08-NVAIE-3.1-for-vSphere-8.png
https://frankdenneman.ai/wp-content/uploads/2023/07/08-NVIDIA-Service-Instance-Actions-Create.png,08-NVIDIA-Service-Instance-Actions-Create.png
https://frankdenneman.ai/wp-content/uploads/2023/07/09-Create-CLS-Service-Instance.png,09-Create-CLS-Service-Instance.png
https://frankdenneman.ai/wp-content/uploads/2023/07/09-Extracted-NVAIE-zip.png,09-Extracted-NVAIE-zip.png
https://frankdenneman.ai/wp-content/uploads/2023/07/10-List-License-Servers.png,10-List-License-Servers.png
https://frankdenneman.ai/wp-content/uploads/2023/07/10-vCLM-Import-Updates.png,10-vCLM-Import-Updates.png
https://frankdenneman.ai/wp-content/uploads/2023/07/11-License-Servers-Actions-Bind.png,11-License-Servers-Actions-Bind.png
https://frankdenneman.ai/wp-content/uploads/2023/07/11-vCLM-Import-NVAIE-vGPU-Driver-zip.png,11-vCLM-Import-NVAIE-vGPU-Driver-zip.png
https://frankdenneman.ai/wp-content/uploads/2023/07/12-Bind-Service-Instance.png,12-Bind-Service-Instance.png
https://frankdenneman.ai/wp-content/uploads/2023/07/12-vCLM-Independent-Components.png,12-vCLM-Independent-Components.png
https://frankdenneman.ai/wp-content/uploads/2023/07/13-CLS-Events-Bound-Service-Instance.png,13-CLS-Events-Bound-Service-Instance.png
https://frankdenneman.ai/wp-content/uploads/2023/07/13-Lifecycle-Manager-Image.png,13-Lifecycle-Manager-Image.png
https://frankdenneman.ai/wp-content/uploads/2023/07/14-License-Server-Install.png,14-License-Server-Install.png
https://frankdenneman.ai/wp-content/uploads/2023/07/15-Install-License-Server.png,15-Install-License-Server.png
https://frankdenneman.ai/wp-content/uploads/2023/07/15-vCLM-Edit-Image-Driver-Added.png,15-vCLM-Edit-Image-Driver-Added.png
https://frankdenneman.ai/wp-content/uploads/2023/07/16-CLS-Events-Deployed-License-Server.png,16-CLS-Events-Deployed-License-Server.png
https://frankdenneman.ai/wp-content/uploads/2023/07/16-LCM-Image-Compliance.png,16-LCM-Image-Compliance.png
https://frankdenneman.ai/wp-content/uploads/2023/07/17-nvidia-smi.png,17-nvidia-smi.png
https://frankdenneman.ai/wp-content/uploads/2023/07/18-Graphics-Devices-Shared-Direct-Shared-Direct.png,18-Graphics-Devices-Shared-Direct-Shared-Direct.png
https://frankdenneman.ai/wp-content/uploads/2023/07/CLS-Create-Server.png,CLS-Create-Server.png
https://frankdenneman.ai/wp-content/uploads/2023/07/NVIDIA-CLS-Instance.svg,NVIDIA-CLS-Instance.svg
https://frankdenneman.ai/wp-content/uploads/2023/07/NVIDIA-vGPU-Operator.svg,NVIDIA-vGPU-Operator.svg
